id,submissionLink,submitters,emails,isVideo
1,999999999999999999999999999999999999999999999999999999999999999999999999999999999999999999999999,١٢٣,᠎,false
2,1/0,$1.00,̡͓̞ͅI̗̘̦͝n͇͇͙v̮̫ok̲̫̙͈i̖͙̭̹̠̞n̡̻̮̣̺g̲͈͙̭͙̬͎ ̰t͔̦h̞̲e̢̤ ͍̬̲͖f̴̘͕̣è͖ẹ̥̩l͖͔͚i͓͚̦͠n͖͍̗͓̳̮g͍ ̨o͚̪͡f̘̣̬ ̖̘͖̟͙̮c҉͔̫͖͓͇͖ͅh̵̤̣͚͔á̗̼͕ͅo̼̣̥s̱͈̺̖̦̻͢.̛̖̞̠̫̰,true
3, ,﻿,✋🏿 💪🏿 👐🏿 🙌🏿 👏🏿 🙏🏿,false
4,¡™£¢∞§¶•ªº–≠,̦H̬̤̗̤͝e͜ ̜̥̝̻͍̟́w̕h̖̯͓o̝͙̖͎̱̮ ҉̺̙̞̟͈W̷̼̭a̺̪͍į͈͕̭͙̯̜t̶̼̮s̘͙͖̕ ̠̫̠B̻͍͙͉̳ͅe̵h̵̬͇̫͙i̹͓̳̳̮͎̫̕n͟d̴̪̜̖ ̰͉̩͇͙̲͞ͅT͖̼͓̪͢h͏͓̮̻e̬̝̟ͅ ̤̹̝W͙̞̝͔͇͝ͅa͏͓͔̹̼̣l̴͔̰̤̟͔ḽ̫.͕,"""'""'""''''""",false
5,␡,åß∂ƒ©˙∆˚¬…æ,-$1.00,false
6,!@#$%^&*(),᠎, ,true
7,",。・:*:・゜’( ☻ ω ☻ )。・:*:・゜’",-$1.00,̦H̬̤̗̤͝e͜ ̜̥̝̻͍̟́w̕h̖̯͓o̝͙̖͎̱̮ ҉̺̙̞̟͈W̷̼̭a̺̪͍į͈͕̭͙̯̜t̶̼̮s̘͙͖̕ ̠̫̠B̻͍͙͉̳ͅe̵h̵̬͇̫͙i̹͓̳̳̮͎̫̕n͟d̴̪̜̖ ̰͉̩͇͙̲͞ͅT͖̼͓̪͢h͏͓̮̻e̬̝̟ͅ ̤̹̝W͙̞̝͔͇͝ͅa͏͓͔̹̼̣l̴͔̰̤̟͔ḽ̫.͕,false
8,"<>?:""{}|_+",✋🏿 💪🏿 👐🏿 🙌🏿 👏🏿 🙏🏿,00˙Ɩ$-,false
9,1/2,部落格,'',true
10,¸˛Ç◊ı˜Â¯˘¿,"""",​,true
11,NULL,👩🏽,<script>alert('hi')</script>,true
12,　,✋🏿 💪🏿 👐🏿 🙌🏿 👏🏿 🙏🏿,`⁄€‹›ﬁﬂ‡°·‚—±,true
13,1'; DROP TABLE users--,⁰⁴⁵,パーティーへ行かないか,false
14,"""'""'""''''""",̦H̬̤̗̤͝e͜ ̜̥̝̻͍̟́w̕h̖̯͓o̝͙̖͎̱̮ ҉̺̙̞̟͈W̷̼̭a̺̪͍į͈͕̭͙̯̜t̶̼̮s̘͙͖̕ ̠̫̠B̻͍͙͉̳ͅe̵h̵̬͇̫͙i̹͓̳̳̮͎̫̕n͟d̴̪̜̖ ̰͉̩͇͙̲͞ͅT͖̼͓̪͢h͏͓̮̻e̬̝̟ͅ ̤̹̝W͙̞̝͔͇͝ͅa͏͓͔̹̼̣l̴͔̰̤̟͔ḽ̫.͕,ﾟ･✿ヾ╲(｡◕‿◕｡)╱✿･ﾟ,true
15,울란바토르,社會科學院語學研究所,1/2,true
16,‪‪test‪, test ,¸˛Ç◊ı˜Â¯˘¿,false
17,␣,,-$1.00,true
18,👾 🙇 💁 🙅 🙆 🙋 🙎 🙍 ,̡͓̞ͅI̗̘̦͝n͇͇͙v̮̫ok̲̫̙͈i̖͙̭̹̠̞n̡̻̮̣̺g̲͈͙̭͙̬͎ ̰t͔̦h̞̲e̢̤ ͍̬̲͖f̴̘͕̣è͖ẹ̥̩l͖͔͚i͓͚̦͠n͖͍̗͓̳̮g͍ ̨o͚̪͡f̘̣̬ ̖̘͖̟͙̮c҉͔̫͖͓͇͖ͅh̵̤̣͚͔á̗̼͕ͅo̼̣̥s̱͈̺̖̦̻͢.̛̖̞̠̫̰,../../../../../../../../../../../etc/hosts,true
19,᠎,-1E02,﻿,true
20,(｡◕ ∀ ◕｡),nil,␡,false
21,ÅÍÎÏ˝ÓÔÒÚÆ☃,-1E+02,,false
22,-1/2,-1.00,部落格,false
23,␣,<script>alert('hi')</script>,",./;'[]\-=",true
24,パーティーへ行かないか,åß∂ƒ©˙∆˚¬…æ,パーティーへ行かないか,true
25,‫test‫, ,œ∑´®†¥¨ˆøπ“‘,false
26,"'""'", ,"<>?:""{}|_+",false
27,(｡◕ ∀ ◕｡),null,0/0,false
28,!@#$%^&*(),̦H̬̤̗̤͝e͜ ̜̥̝̻͍̟́w̕h̖̯͓o̝͙̖͎̱̮ ҉̺̙̞̟͈W̷̼̭a̺̪͍į͈͕̭͙̯̜t̶̼̮s̘͙͖̕ ̠̫̠B̻͍͙͉̳ͅe̵h̵̬͇̫͙i̹͓̳̳̮͎̫̕n͟d̴̪̜̖ ̰͉̩͇͙̲͞ͅT͖̼͓̪͢h͏͓̮̻e̬̝̟ͅ ̤̹̝W͙̞̝͔͇͝ͅa͏͓͔̹̼̣l̴͔̰̤̟͔ḽ̫.͕,"""'""'""''''""",false
29,˙ɐnbᴉlɐ ɐuƃɐɯ ǝɹolop ʇǝ ǝɹoqɐl ʇn ʇunpᴉpᴉɔuᴉ ɹodɯǝʇ poɯsnᴉǝ op pǝs 'ʇᴉlǝ ƃuᴉɔsᴉdᴉpɐ ɹnʇǝʇɔǝsuoɔ 'ʇǝɯɐ ʇᴉs ɹolop ɯnsdᴉ ɯǝɹo˥,¸˛Ç◊ı˜Â¯˘¿,0/0,false
30,œ∑´®†¥¨ˆøπ“‘,₀₁₂,(ﾉಥ益ಥ）ﾉ﻿ ┻━┻,false
31,0.00,Ṱ̺̺̕o͞ ̷i̲̬͇̪͙n̝̗͕v̟̜̘̦͟o̶̙̰̠kè͚̮̺̪̹̱̤ ̖t̝͕̳̣̻̪͞h̼͓̲̦̳̘̲e͇̣̰̦̬͎ ̢̼̻̱̘h͚͎͙̜̣̲ͅi̦̲̣̰̤v̻͍e̺̭̳̪̰-m̢iͅn̖̺̞̲̯̰d̵̼̟͙̩̼̘̳ ̞̥̱̳̭r̛̗̘e͙p͠r̼̞̻̭̗e̺̠̣͟s̘͇̳͍̝͉e͉̥̯̞̲͚̬͜ǹ̬͎͎̟̖͇̤t͍̬̤͓̼̭͘ͅi̪̱n͠g̴͉ ͏͉ͅc̬̟h͡a̫̻̯͘o̫̟̖͍̙̝͉s̗̦̲.̨̹͈̣,部落格,true
32,・(￣∀￣)・:*:,NIL,"""'""'""''''""",false
33,",。・:*:・゜’( ☻ ω ☻ )。・:*:・゜’",<svg><script>0<1>alert('XSS')</script>,"'""'",true
34,᠎,../../../../../../../../../../../etc/hosts,ÅÍÎÏ˝ÓÔÒÚÆ☃,false
35,"ثم نفس سقطت وبالتحديد،, جزيرتي باستخدام أن دنو. إذ هنا؟ الستار وتنصيب كان. أهّل ايطاليا، بريطانيا-فرنسا قد أخذ. سليمان، إتفاقية بين ما, يذكر الحدود أي بعد, معاملة بولندا، الإطلاق عل إيو.","ثم نفس سقطت وبالتحديد،, جزيرتي باستخدام أن دنو. إذ هنا؟ الستار وتنصيب كان. أهّل ايطاليا، بريطانيا-فرنسا قد أخذ. سليمان، إتفاقية بين ما, يذكر الحدود أي بعد, معاملة بولندا، الإطلاق عل إيو.",åß∂ƒ©˙∆˚¬…æ,false
36,-1E2,ヽ༼ຈل͜ຈ༽ﾉ ヽ༼ຈل͜ຈ༽ﾉ ,",./;'[]\-=",false
37,﻿,😍,'',true
38,¸˛Ç◊ı˜Â¯˘¿,␣,␢,false
39,../../../../../../../../../../../etc/hosts,1'; DROP TABLE users--,１２３,false
40,田中さんにあげて下さい,ﾟ･✿ヾ╲(｡◕‿◕｡)╱✿･ﾟ,',true
41,",。・:*:・゜’( ☻ ω ☻ )。・:*:・゜’",,울란바토르,false
42,사회과학원 어학연구소,0.00,NIL,true
43,울란바토르,̗̺͖̹̯͓Ṯ̤͍̥͇͈h̲́e͏͓̼̗̙̼̣͔ ͇̜̱̠͓͍ͅN͕͠e̗̱z̘̝̜̺͙p̤̺̹͍̯͚e̠̻̠͜r̨̤͍̺̖͔̖̖d̠̟̭̬̝͟i̦͖̩͓͔̤a̠̗̬͉̙n͚͜ ̻̞̰͚ͅh̵͉i̳̞v̢͇ḙ͎͟-҉̭̩̼͔m̤̭̫i͕͇̝̦n̗͙ḍ̟ ̯̲͕͞ǫ̟̯̰̲͙̻̝f ̪̰̰̗̖̭̘͘c̦͍̲̞͍̩̙ḥ͚a̮͎̟̙͜ơ̩̹͎s̤.̝̝ ҉Z̡̖̜͖̰̣͉̜a͖̰͙̬͡l̲̫̳͍̩g̡̟̼̱͚̞̬ͅo̗͜.̟,👩🏽,false
44,🚾 🆒 🆓 🆕 🆖 🆗 🆙 🏧,᠎,-1,true
45,・(￣∀￣)・:*:,울란바토르,<script>alert('hi')</script>,false
46,-1/2,　,null,true
47,1'; DROP TABLE users--,1E+02,",./;'[]\-=",false
48,1;DROP TABLE users,",./;'[]\-=",ヽ༼ຈل͜ຈ༽ﾉ ヽ༼ຈل͜ຈ༽ﾉ ,false
49,"'""'",1.00,",。・:*:・゜’( ☻ ω ☻ )。・:*:・゜’",true
50,｀ｨ(´∀｀∩,❤️ 💔 💌 💕 💞 💓 💗 💖 💘 💝 💟 💜 💛 💚 💙,1;DROP TABLE users,false
51,"__ﾛ(,_,*)",1,1/0,true
52,1'; DROP TABLE users--,　,울란바토르,true
53,和製漢語,⁦test⁧,",./;'[]\-=",false
54,⁰⁴⁵₀₁₂,̡͓̞ͅI̗̘̦͝n͇͇͙v̮̫ok̲̫̙͈i̖͙̭̹̠̞n̡̻̮̣̺g̲͈͙̭͙̬͎ ̰t͔̦h̞̲e̢̤ ͍̬̲͖f̴̘͕̣è͖ẹ̥̩l͖͔͚i͓͚̦͠n͖͍̗͓̳̮g͍ ̨o͚̪͡f̘̣̬ ̖̘͖̟͙̮c҉͔̫͖͓͇͖ͅh̵̤̣͚͔á̗̼͕ͅo̼̣̥s̱͈̺̖̦̻͢.̛̖̞̠̫̰,"""""",false
55,"""""",␢,1,false
56,(╯°□°）╯︵ ┻━┻)  ,👾 🙇 💁 🙅 🙆 🙋 🙎 🙍 ,nil,true
57,Ω≈ç√∫˜µ≤≥÷,åß∂ƒ©˙∆˚¬…æ,1,false
58,',ヽ༼ຈل͜ຈ༽ﾉ ヽ༼ຈل͜ຈ༽ﾉ ,部落格,false
59,'',Œ„´‰ˇÁ¨ˆØ∏”’,-1/2,false
60,$1.00,田中さんにあげて下さい,⁰⁴⁵,true
61,"<>?:""{}|_+",　,-1E+02,true
62,1/0, ,❤️ 💔 💌 💕 💞 💓 💗 💖 💘 💝 💟 💜 💛 💚 💙,true
63,הָיְתָהtestالصفحات التّحول,() { 0; }; touch /tmp/blns.shellshock1.fail;,1E2,true
64,åß∂ƒ©˙∆˚¬…æ,1E2,👩🏽,true
65,⁦test⁧,-1E+02,"""'""'""''''""",true
66,和製漢語,˙ɐnbᴉlɐ ɐuƃɐɯ ǝɹolop ʇǝ ǝɹoqɐl ʇn ʇunpᴉpᴉɔuᴉ ɹodɯǝʇ poɯsnᴉǝ op pǝs 'ʇᴉlǝ ƃuᴉɔsᴉdᴉpɐ ɹnʇǝʇɔǝsuoɔ 'ʇǝɯɐ ʇᴉs ɹolop ɯnsdᴉ ɯǝɹo˥,‪‪test‪,false
67,<script>alert('hi')</script>,הָיְתָהtestالصفحات التّحول,"""''''""'""",true
68,`⁄€‹›ﬁﬂ‡°·‚—±,(╯°□°）╯︵ ┻━┻)  ,NULL,false
69,١٢٣,<img src=x onerror=alert('hi') />,␢,true
70,1'; DROP TABLE users--,"""""",‪‪test‪,true
71,🚾 🆒 🆓 🆕 🆖 🆗 🆙 🏧,"בְּרֵאשִׁית, בָּרָא אֱלֹהִים, אֵת הַשָּׁמַיִם, וְאֵת הָאָרֶץ","ثم نفس سقطت وبالتحديد،, جزيرتي باستخدام أن دنو. إذ هنا؟ الستار وتنصيب كان. أهّل ايطاليا، بريطانيا-فرنسا قد أخذ. سليمان، إتفاقية بين ما, يذكر الحدود أي بعد, معاملة بولندا، الإطلاق عل إيو.",true
72,-1E+02,(ﾉಥ益ಥ）ﾉ﻿ ┻━┻,Ṱ̺̺̕o͞ ̷i̲̬͇̪͙n̝̗͕v̟̜̘̦͟o̶̙̰̠kè͚̮̺̪̹̱̤ ̖t̝͕̳̣̻̪͞h̼͓̲̦̳̘̲e͇̣̰̦̬͎ ̢̼̻̱̘h͚͎͙̜̣̲ͅi̦̲̣̰̤v̻͍e̺̭̳̪̰-m̢iͅn̖̺̞̲̯̰d̵̼̟͙̩̼̘̳ ̞̥̱̳̭r̛̗̘e͙p͠r̼̞̻̭̗e̺̠̣͟s̘͇̳͍̝͉e͉̥̯̞̲͚̬͜ǹ̬͎͎̟̖͇̤t͍̬̤͓̼̭͘ͅi̪̱n͠g̴͉ ͏͉ͅc̬̟h͡a̫̻̯͘o̫̟̖͍̙̝͉s̗̦̲.̨̹͈̣,false
73,¡™£¢∞§¶•ªº–≠,test⁠test‫, ,true
74,1/0,␡,999999999999999999999999999999999999999999999999999999999999999999999999999999999999999999999999,true
75,test⁠test‫, ,👾 🙇 💁 🙅 🙆 🙋 🙎 🙍 ,true
76,部落格,"""'""'""''''""",̦H̬̤̗̤͝e͜ ̜̥̝̻͍̟́w̕h̖̯͓o̝͙̖͎̱̮ ҉̺̙̞̟͈W̷̼̭a̺̪͍į͈͕̭͙̯̜t̶̼̮s̘͙͖̕ ̠̫̠B̻͍͙͉̳ͅe̵h̵̬͇̫͙i̹͓̳̳̮͎̫̕n͟d̴̪̜̖ ̰͉̩͇͙̲͞ͅT͖̼͓̪͢h͏͓̮̻e̬̝̟ͅ ̤̹̝W͙̞̝͔͇͝ͅa͏͓͔̹̼̣l̴͔̰̤̟͔ḽ̫.͕,false
77,-1,-1,"'""'",false
78,Z̮̞̠͙͔ͅḀ̗̞͈̻̗Ḷ͙͎̯̹̞͓G̻O̭̗̮,0/0,"""""",false
79,⁰⁴⁵₀₁₂,田中さんにあげて下さい,null,true
80,0.00,ヽ༼ຈل͜ຈ༽ﾉ ヽ༼ຈل͜ຈ༽ﾉ ,１２３,false
81,-1E2,１２３,1;DROP TABLE users,true
82,0️⃣ 1️⃣ 2️⃣ 3️⃣ 4️⃣ 5️⃣ 6️⃣ 7️⃣ 8️⃣ 9️⃣ 🔟,1'; DROP TABLE users--,⁰⁴⁵,false
83,₀₁₂,$1.00,0.00,false
84,¡™£¢∞§¶•ªº–≠,NULL,₀₁₂,false
85,Œ„´‰ˇÁ¨ˆØ∏”’,ﾟ･✿ヾ╲(｡◕‿◕｡)╱✿･ﾟ,-1.00,false
86,-1E+02,null,👾 🙇 💁 🙅 🙆 🙋 🙎 🙍 ,false
87,-1E02,1;DROP TABLE users,⁰⁴⁵₀₁₂,true
88,1E02,"""",`⁄€‹›ﬁﬂ‡°·‚—±,true
89,-1E2,﻿,() { 0; }; touch /tmp/blns.shellshock1.fail;,true
90,｀ｨ(´∀｀∩,"'""'",test⁠test‫,true
91,１２３,1E02,部落格,false
92,-1E2,😍,Ω≈ç√∫˜µ≤≥÷,false
93,Ṱ̺̺̕o͞ ̷i̲̬͇̪͙n̝̗͕v̟̜̘̦͟o̶̙̰̠kè͚̮̺̪̹̱̤ ̖t̝͕̳̣̻̪͞h̼͓̲̦̳̘̲e͇̣̰̦̬͎ ̢̼̻̱̘h͚͎͙̜̣̲ͅi̦̲̣̰̤v̻͍e̺̭̳̪̰-m̢iͅn̖̺̞̲̯̰d̵̼̟͙̩̼̘̳ ̞̥̱̳̭r̛̗̘e͙p͠r̼̞̻̭̗e̺̠̣͟s̘͇̳͍̝͉e͉̥̯̞̲͚̬͜ǹ̬͎͎̟̖͇̤t͍̬̤͓̼̭͘ͅi̪̱n͠g̴͉ ͏͉ͅc̬̟h͡a̫̻̯͘o̫̟̖͍̙̝͉s̗̦̲.̨̹͈̣,nil,",。・:*:・゜’( ☻ ω ☻ )。・:*:・゜’",true
94,",。・:*:・゜’( ☻ ω ☻ )。・:*:・゜’",-1E02,1,false
95,',-1.00,１２３,true
96,・(￣∀￣)・:*:,田中さんにあげて下さい,(╯°□°）╯︵ ┻━┻)  ,false
97,',00˙Ɩ$-,‪‪test‪,true
98,1E02,1.00,̗̺͖̹̯͓Ṯ̤͍̥͇͈h̲́e͏͓̼̗̙̼̣͔ ͇̜̱̠͓͍ͅN͕͠e̗̱z̘̝̜̺͙p̤̺̹͍̯͚e̠̻̠͜r̨̤͍̺̖͔̖̖d̠̟̭̬̝͟i̦͖̩͓͔̤a̠̗̬͉̙n͚͜ ̻̞̰͚ͅh̵͉i̳̞v̢͇ḙ͎͟-҉̭̩̼͔m̤̭̫i͕͇̝̦n̗͙ḍ̟ ̯̲͕͞ǫ̟̯̰̲͙̻̝f ̪̰̰̗̖̭̘͘c̦͍̲̞͍̩̙ḥ͚a̮͎̟̙͜ơ̩̹͎s̤.̝̝ ҉Z̡̖̜͖̰̣͉̜a͖̰͙̬͡l̲̫̳͍̩g̡̟̼̱͚̞̬ͅo̗͜.̟,true
99,̦H̬̤̗̤͝e͜ ̜̥̝̻͍̟́w̕h̖̯͓o̝͙̖͎̱̮ ҉̺̙̞̟͈W̷̼̭a̺̪͍į͈͕̭͙̯̜t̶̼̮s̘͙͖̕ ̠̫̠B̻͍͙͉̳ͅe̵h̵̬͇̫͙i̹͓̳̳̮͎̫̕n͟d̴̪̜̖ ̰͉̩͇͙̲͞ͅT͖̼͓̪͢h͏͓̮̻e̬̝̟ͅ ̤̹̝W͙̞̝͔͇͝ͅa͏͓͔̹̼̣l̴͔̰̤̟͔ḽ̫.͕,和製漢語,-1E+02,false
100,0.00,"בְּרֵאשִׁית, בָּרָא אֱלֹהִים, אֵת הַשָּׁמַיִם, וְאֵת הָאָרֶץ",₀₁₂,false
101,⁦test⁧,🐵 🙈 🙉 🙊,👩🏽,false
102,nil,"ثم نفس سقطت وبالتحديد،, جزيرتي باستخدام أن دنو. إذ هنا؟ الستار وتنصيب كان. أهّل ايطاليا، بريطانيا-فرنسا قد أخذ. سليمان، إتفاقية بين ما, يذكر الحدود أي بعد, معاملة بولندا، الإطلاق عل إيو.",¡™£¢∞§¶•ªº–≠,true
103,",./;'[]\-=",ÅÍÎÏ˝ÓÔÒÚÆ☃,⁰⁴⁵,false
104,-1/2,test⁠test‫,・(￣∀￣)・:*:,false
105,ヽ༼ຈل͜ຈ༽ﾉ ヽ༼ຈل͜ຈ༽ﾉ ,👩🏽,",./;'[]\-=",false
106,,⁰⁴⁵,‪‪test‪,false
107,␣,"ثم نفس سقطت وبالتحديد،, جزيرتي باستخدام أن دنو. إذ هنا؟ الستار وتنصيب كان. أهّل ايطاليا، بريطانيا-فرنسا قد أخذ. سليمان، إتفاقية بين ما, يذكر الحدود أي بعد, معاملة بولندا، الإطلاق عل إيو.","ثم نفس سقطت وبالتحديد،, جزيرتي باستخدام أن دنو. إذ هنا؟ الستار وتنصيب كان. أهّل ايطاليا، بريطانيا-فرنسا قد أخذ. سليمان، إتفاقية بين ما, يذكر الحدود أي بعد, معاملة بولندا، الإطلاق عل إيو.",true
108,₀₁₂,Z̮̞̠͙͔ͅḀ̗̞͈̻̗Ḷ͙͎̯̹̞͓G̻O̭̗̮,',true
109,`⁄€‹›ﬁﬂ‡°·‚—±,(｡◕ ∀ ◕｡),田中さんにあげて下さい,true
110,$1.00,𠜎𠜱𠝹𠱓𠱸𠲖𠳏,999999999999999999999999999999999999999999999999999999999999999999999999999999999999999999999999,false
111,1/2,울란바토르,הָיְתָהtestالصفحات التّحول,true
112,0/0,␣,../../../../../../../../../../../etc/hosts,false
113,-1.00,0.00, test ,true
114,NIL,1E+02,¸˛Ç◊ı˜Â¯˘¿,true
115,"""""",",./;'[]\-=",1/0,true
116,　,・(￣∀￣)・:*:,00˙Ɩ$-,false
117,␢,-1E02,Z̮̞̠͙͔ͅḀ̗̞͈̻̗Ḷ͙͎̯̹̞͓G̻O̭̗̮,false
118,œ∑´®†¥¨ˆøπ“‘,¡™£¢∞§¶•ªº–≠,() { _; } >_[$($())] { touch /tmp/blns.shellshock2.fail; },true
119,사회과학원 어학연구소,울란바토르,̡͓̞ͅI̗̘̦͝n͇͇͙v̮̫ok̲̫̙͈i̖͙̭̹̠̞n̡̻̮̣̺g̲͈͙̭͙̬͎ ̰t͔̦h̞̲e̢̤ ͍̬̲͖f̴̘͕̣è͖ẹ̥̩l͖͔͚i͓͚̦͠n͖͍̗͓̳̮g͍ ̨o͚̪͡f̘̣̬ ̖̘͖̟͙̮c҉͔̫͖͓͇͖ͅh̵̤̣͚͔á̗̼͕ͅo̼̣̥s̱͈̺̖̦̻͢.̛̖̞̠̫̰,true
120,999999999999999999999999999999999999999999999999999999999999999999999999999999999999999999999999,̗̺͖̹̯͓Ṯ̤͍̥͇͈h̲́e͏͓̼̗̙̼̣͔ ͇̜̱̠͓͍ͅN͕͠e̗̱z̘̝̜̺͙p̤̺̹͍̯͚e̠̻̠͜r̨̤͍̺̖͔̖̖d̠̟̭̬̝͟i̦͖̩͓͔̤a̠̗̬͉̙n͚͜ ̻̞̰͚ͅh̵͉i̳̞v̢͇ḙ͎͟-҉̭̩̼͔m̤̭̫i͕͇̝̦n̗͙ḍ̟ ̯̲͕͞ǫ̟̯̰̲͙̻̝f ̪̰̰̗̖̭̘͘c̦͍̲̞͍̩̙ḥ͚a̮͎̟̙͜ơ̩̹͎s̤.̝̝ ҉Z̡̖̜͖̰̣͉̜a͖̰͙̬͡l̲̫̳͍̩g̡̟̼̱͚̞̬ͅo̗͜.̟,../../../../../../../../../../../etc/hosts,true
121,"""""",test⁠test‫,ヽ༼ຈل͜ຈ༽ﾉ ヽ༼ຈل͜ຈ༽ﾉ ,false
122,🐵 🙈 🙉 🙊,"""''''""'""",｀ｨ(´∀｀∩,true
123,🚾 🆒 🆓 🆕 🆖 🆗 🆙 🏧,",./;'[]\-=",(╯°□°）╯︵ ┻━┻)  ,false
124,"""",和製漢語,1;DROP TABLE users,false
125,˙ɐnbᴉlɐ ɐuƃɐɯ ǝɹolop ʇǝ ǝɹoqɐl ʇn ʇunpᴉpᴉɔuᴉ ɹodɯǝʇ poɯsnᴉǝ op pǝs 'ʇᴉlǝ ƃuᴉɔsᴉdᴉpɐ ɹnʇǝʇɔǝsuoɔ 'ʇǝɯɐ ʇᴉs ɹolop ɯnsdᴉ ɯǝɹo˥,﻿,١٢٣,true
126,-$1.00,␢,1.00,true
127,パーティーへ行かないか,הָיְתָהtestالصفحات التّحول,사회과학원 어학연구소,true
128,"ثم نفس سقطت وبالتحديد،, جزيرتي باستخدام أن دنو. إذ هنا؟ الستار وتنصيب كان. أهّل ايطاليا، بريطانيا-فرنسا قد أخذ. سليمان، إتفاقية بين ما, يذكر الحدود أي بعد, معاملة بولندا، الإطلاق عل إيو.",999999999999999999999999999999999999999999999999999999999999999999999999999999999999999999999999,Œ„´‰ˇÁ¨ˆØ∏”’,false
129,1E+02,1'; DROP TABLE users--,"""",false
130,nil,åß∂ƒ©˙∆˚¬…æ,../../../../../../../../../../../etc/passwd%00,false
131,-1,(╯°□°）╯︵ ┻━┻)  ,(╯°□°）╯︵ ┻━┻)  ,true
132,˙ɐnbᴉlɐ ɐuƃɐɯ ǝɹolop ʇǝ ǝɹoqɐl ʇn ʇunpᴉpᴉɔuᴉ ɹodɯǝʇ poɯsnᴉǝ op pǝs 'ʇᴉlǝ ƃuᴉɔsᴉdᴉpɐ ɹnʇǝʇɔǝsuoɔ 'ʇǝɯɐ ʇᴉs ɹolop ɯnsdᴉ ɯǝɹo˥,𠜎𠜱𠝹𠱓𠱸𠲖𠳏,'',false
133,0.00,הָיְתָהtestالصفحات التّحول,和製漢語,false
134,,00˙Ɩ$-,社會科學院語學研究所,false
135,Œ„´‰ˇÁ¨ˆØ∏”’,Z̮̞̠͙͔ͅḀ̗̞͈̻̗Ḷ͙͎̯̹̞͓G̻O̭̗̮,(ﾉಥ益ಥ）ﾉ﻿ ┻━┻,true
136,١٢٣,🚾 🆒 🆓 🆕 🆖 🆗 🆙 🏧,‪‪test‪,true
137,１２３,"""",ヽ༼ຈل͜ຈ༽ﾉ ヽ༼ຈل͜ຈ༽ﾉ ,false
138,␡,הָיְתָהtestالصفحات التّحول,1/2,true
139,Ṱ̺̺̕o͞ ̷i̲̬͇̪͙n̝̗͕v̟̜̘̦͟o̶̙̰̠kè͚̮̺̪̹̱̤ ̖t̝͕̳̣̻̪͞h̼͓̲̦̳̘̲e͇̣̰̦̬͎ ̢̼̻̱̘h͚͎͙̜̣̲ͅi̦̲̣̰̤v̻͍e̺̭̳̪̰-m̢iͅn̖̺̞̲̯̰d̵̼̟͙̩̼̘̳ ̞̥̱̳̭r̛̗̘e͙p͠r̼̞̻̭̗e̺̠̣͟s̘͇̳͍̝͉e͉̥̯̞̲͚̬͜ǹ̬͎͎̟̖͇̤t͍̬̤͓̼̭͘ͅi̪̱n͠g̴͉ ͏͉ͅc̬̟h͡a̫̻̯͘o̫̟̖͍̙̝͉s̗̦̲.̨̹͈̣,NULL,␡,true
140,åß∂ƒ©˙∆˚¬…æ,0.00,1'; DROP TABLE users--,true
141,-1/2,パーティーへ行かないか,"__ﾛ(,_,*)",true
142,᠎,｀ｨ(´∀｀∩, test ,true
143,ﾟ･✿ヾ╲(｡◕‿◕｡)╱✿･ﾟ,　,NIL,true
144,"""""",0/0,<img src=x onerror=alert('hi') />,false
145,1/2,˙ɐnbᴉlɐ ɐuƃɐɯ ǝɹolop ʇǝ ǝɹoqɐl ʇn ʇunpᴉpᴉɔuᴉ ɹodɯǝʇ poɯsnᴉǝ op pǝs 'ʇᴉlǝ ƃuᴉɔsᴉdᴉpɐ ɹnʇǝʇɔǝsuoɔ 'ʇǝɯɐ ʇᴉs ɹolop ɯnsdᴉ ɯǝɹo˥,ÅÍÎÏ˝ÓÔÒÚÆ☃,true
146, ,᠎,﻿,false
147,$1.00,和製漢語,../../../../../../../../../../../etc/passwd%00,true
148,/dev/null; touch /tmp/blns.fail ; echo,åß∂ƒ©˙∆˚¬…æ,-1E+02,false
149,١٢٣,"""'""'""''''""",‫test‫,true
150,$1.00,"ثم نفس سقطت وبالتحديد،, جزيرتي باستخدام أن دنو. إذ هنا؟ الستار وتنصيب كان. أهّل ايطاليا، بريطانيا-فرنسا قد أخذ. سليمان، إتفاقية بين ما, يذكر الحدود أي بعد, معاملة بولندا، الإطلاق عل إيو.",NULL,false
151,<script>alert('hi')</script>,",./;'[]\-=",1'; DROP TABLE users--,false
152,1;DROP TABLE users,../../../../../../../../../../../etc/passwd%00,・(￣∀￣)・:*:,true
153,和製漢語,👾 🙇 💁 🙅 🙆 🙋 🙎 🙍 ,../../../../../../../../../../../etc/passwd%00,false
154,１２３,̗̺͖̹̯͓Ṯ̤͍̥͇͈h̲́e͏͓̼̗̙̼̣͔ ͇̜̱̠͓͍ͅN͕͠e̗̱z̘̝̜̺͙p̤̺̹͍̯͚e̠̻̠͜r̨̤͍̺̖͔̖̖d̠̟̭̬̝͟i̦͖̩͓͔̤a̠̗̬͉̙n͚͜ ̻̞̰͚ͅh̵͉i̳̞v̢͇ḙ͎͟-҉̭̩̼͔m̤̭̫i͕͇̝̦n̗͙ḍ̟ ̯̲͕͞ǫ̟̯̰̲͙̻̝f ̪̰̰̗̖̭̘͘c̦͍̲̞͍̩̙ḥ͚a̮͎̟̙͜ơ̩̹͎s̤.̝̝ ҉Z̡̖̜͖̰̣͉̜a͖̰͙̬͡l̲̫̳͍̩g̡̟̼̱͚̞̬ͅo̗͜.̟,nil,false
155,🚾 🆒 🆓 🆕 🆖 🆗 🆙 🏧,␡,NULL,false
156,˙ɐnbᴉlɐ ɐuƃɐɯ ǝɹolop ʇǝ ǝɹoqɐl ʇn ʇunpᴉpᴉɔuᴉ ɹodɯǝʇ poɯsnᴉǝ op pǝs 'ʇᴉlǝ ƃuᴉɔsᴉdᴉpɐ ɹnʇǝʇɔǝsuoɔ 'ʇǝɯɐ ʇᴉs ɹolop ɯnsdᴉ ɯǝɹo˥,-1E2,和製漢語,true
157,⁰⁴⁵₀₁₂,`⁄€‹›ﬁﬂ‡°·‚—±,␢,false
158,../../../../../../../../../../../etc/hosts,"'""'",() { 0; }; touch /tmp/blns.shellshock1.fail;,false
159,👾 🙇 💁 🙅 🙆 🙋 🙎 🙍 ,Ω≈ç√∫˜µ≤≥÷,-1E2,true
160,00˙Ɩ$-,⁦test⁧,nil,true
161,-1E+02,Ω≈ç√∫˜µ≤≥÷,999999999999999999999999999999999999999999999999999999999999999999999999999999999999999999999999,false
162,-$1.00,١٢٣,‪‪test‪,false
163,ÅÍÎÏ˝ÓÔÒÚÆ☃,田中さんにあげて下さい,ÅÍÎÏ˝ÓÔÒÚÆ☃,false
164,１２３,0/0,"""""",false
165,﻿,",。・:*:・゜’( ☻ ω ☻ )。・:*:・゜’",❤️ 💔 💌 💕 💞 💓 💗 💖 💘 💝 💟 💜 💛 💚 💙,false
166,test⁠test‫,-1E02,1E2,true
167,⁰⁴⁵₀₁₂,😍,﻿,false
168,nil,̗̺͖̹̯͓Ṯ̤͍̥͇͈h̲́e͏͓̼̗̙̼̣͔ ͇̜̱̠͓͍ͅN͕͠e̗̱z̘̝̜̺͙p̤̺̹͍̯͚e̠̻̠͜r̨̤͍̺̖͔̖̖d̠̟̭̬̝͟i̦͖̩͓͔̤a̠̗̬͉̙n͚͜ ̻̞̰͚ͅh̵͉i̳̞v̢͇ḙ͎͟-҉̭̩̼͔m̤̭̫i͕͇̝̦n̗͙ḍ̟ ̯̲͕͞ǫ̟̯̰̲͙̻̝f ̪̰̰̗̖̭̘͘c̦͍̲̞͍̩̙ḥ͚a̮͎̟̙͜ơ̩̹͎s̤.̝̝ ҉Z̡̖̜͖̰̣͉̜a͖̰͙̬͡l̲̫̳͍̩g̡̟̼̱͚̞̬ͅo̗͜.̟,"""""",false
169,(｡◕ ∀ ◕｡),␣,¸˛Ç◊ı˜Â¯˘¿,true
170,-1E2,1E2,ﾟ･✿ヾ╲(｡◕‿◕｡)╱✿･ﾟ,false
171,⁰⁴⁵,$1.00,NULL,false
172,⁰⁴⁵₀₁₂,"__ﾛ(,_,*)",˙ɐnbᴉlɐ ɐuƃɐɯ ǝɹolop ʇǝ ǝɹoqɐl ʇn ʇunpᴉpᴉɔuᴉ ɹodɯǝʇ poɯsnᴉǝ op pǝs 'ʇᴉlǝ ƃuᴉɔsᴉdᴉpɐ ɹnʇǝʇɔǝsuoɔ 'ʇǝɯɐ ʇᴉs ɹolop ɯnsdᴉ ɯǝɹo˥,true
173,0.00,​,울란바토르,true
174,¡™£¢∞§¶•ªº–≠,Ω≈ç√∫˜µ≤≥÷,̗̺͖̹̯͓Ṯ̤͍̥͇͈h̲́e͏͓̼̗̙̼̣͔ ͇̜̱̠͓͍ͅN͕͠e̗̱z̘̝̜̺͙p̤̺̹͍̯͚e̠̻̠͜r̨̤͍̺̖͔̖̖d̠̟̭̬̝͟i̦͖̩͓͔̤a̠̗̬͉̙n͚͜ ̻̞̰͚ͅh̵͉i̳̞v̢͇ḙ͎͟-҉̭̩̼͔m̤̭̫i͕͇̝̦n̗͙ḍ̟ ̯̲͕͞ǫ̟̯̰̲͙̻̝f ̪̰̰̗̖̭̘͘c̦͍̲̞͍̩̙ḥ͚a̮͎̟̙͜ơ̩̹͎s̤.̝̝ ҉Z̡̖̜͖̰̣͉̜a͖̰͙̬͡l̲̫̳͍̩g̡̟̼̱͚̞̬ͅo̗͜.̟,true
175,"בְּרֵאשִׁית, בָּרָא אֱלֹהִים, אֵת הַשָּׁמַיִם, וְאֵת הָאָרֶץ",​,-1/2,false
176,"""'""'""''''""", test ,✋🏿 💪🏿 👐🏿 🙌🏿 👏🏿 🙏🏿,false
177,/dev/null; touch /tmp/blns.fail ; echo,-1,̡͓̞ͅI̗̘̦͝n͇͇͙v̮̫ok̲̫̙͈i̖͙̭̹̠̞n̡̻̮̣̺g̲͈͙̭͙̬͎ ̰t͔̦h̞̲e̢̤ ͍̬̲͖f̴̘͕̣è͖ẹ̥̩l͖͔͚i͓͚̦͠n͖͍̗͓̳̮g͍ ̨o͚̪͡f̘̣̬ ̖̘͖̟͙̮c҉͔̫͖͓͇͖ͅh̵̤̣͚͔á̗̼͕ͅo̼̣̥s̱͈̺̖̦̻͢.̛̖̞̠̫̰,false
178,<img src=x onerror=alert('hi') />,울란바토르,test⁠test‫,true
179,"""'""'""''''""",‪‪test‪,../../../../../../../../../../../etc/passwd%00,false
180,1E02,/dev/null; touch /tmp/blns.fail ; echo,社會科學院語學研究所,false
181,ﾟ･✿ヾ╲(｡◕‿◕｡)╱✿･ﾟ,1E2,Ω≈ç√∫˜µ≤≥÷,false
182,$1.00,../../../../../../../../../../../etc/passwd%00,-1/2,false
183,1E02,1,-1/2,true
184,1E2,../../../../../../../../../../../etc/hosts,⁰⁴⁵,true
185,"""",̦H̬̤̗̤͝e͜ ̜̥̝̻͍̟́w̕h̖̯͓o̝͙̖͎̱̮ ҉̺̙̞̟͈W̷̼̭a̺̪͍į͈͕̭͙̯̜t̶̼̮s̘͙͖̕ ̠̫̠B̻͍͙͉̳ͅe̵h̵̬͇̫͙i̹͓̳̳̮͎̫̕n͟d̴̪̜̖ ̰͉̩͇͙̲͞ͅT͖̼͓̪͢h͏͓̮̻e̬̝̟ͅ ̤̹̝W͙̞̝͔͇͝ͅa͏͓͔̹̼̣l̴͔̰̤̟͔ḽ̫.͕,Ω≈ç√∫˜µ≤≥÷,true
186,​,-1.00,,true
187,1,１２３,𠜎𠜱𠝹𠱓𠱸𠲖𠳏,true
188,⁦test⁧,nil,和製漢語,false
189,¸˛Ç◊ı˜Â¯˘¿,-1E02,Ṱ̺̺̕o͞ ̷i̲̬͇̪͙n̝̗͕v̟̜̘̦͟o̶̙̰̠kè͚̮̺̪̹̱̤ ̖t̝͕̳̣̻̪͞h̼͓̲̦̳̘̲e͇̣̰̦̬͎ ̢̼̻̱̘h͚͎͙̜̣̲ͅi̦̲̣̰̤v̻͍e̺̭̳̪̰-m̢iͅn̖̺̞̲̯̰d̵̼̟͙̩̼̘̳ ̞̥̱̳̭r̛̗̘e͙p͠r̼̞̻̭̗e̺̠̣͟s̘͇̳͍̝͉e͉̥̯̞̲͚̬͜ǹ̬͎͎̟̖͇̤t͍̬̤͓̼̭͘ͅi̪̱n͠g̴͉ ͏͉ͅc̬̟h͡a̫̻̯͘o̫̟̖͍̙̝͉s̗̦̲.̨̹͈̣,true
190,-1,Z̮̞̠͙͔ͅḀ̗̞͈̻̗Ḷ͙͎̯̹̞͓G̻O̭̗̮,",。・:*:・゜’( ☻ ω ☻ )。・:*:・゜’",false
191,・(￣∀￣)・:*:,`⁄€‹›ﬁﬂ‡°·‚—±,"""""",false
192,0/0,-1E+02,😍,false
193,﻿,👩🏽,"'""'",true
194,田中さんにあげて下さい,<script>alert('hi')</script>,𠜎𠜱𠝹𠱓𠱸𠲖𠳏,true
195,‫test‫,﻿,00˙Ɩ$-,false
196,👩🏽, ,1E2,false
197,✋🏿 💪🏿 👐🏿 🙌🏿 👏🏿 🙏🏿,"""""",﻿,true
198,1.00,../../../../../../../../../../../etc/passwd%00,(╯°□°）╯︵ ┻━┻)  ,true
199,0.00,✋🏿 💪🏿 👐🏿 🙌🏿 👏🏿 🙏🏿,"<>?:""{}|_+",true
200,👩🏽, ,test⁠test‫,false
201,👾 🙇 💁 🙅 🙆 🙋 🙎 🙍 ,👩🏽,🚾 🆒 🆓 🆕 🆖 🆗 🆙 🏧,true
202,/dev/null; touch /tmp/blns.fail ; echo,和製漢語,åß∂ƒ©˙∆˚¬…æ,false
203,1/2,Ṱ̺̺̕o͞ ̷i̲̬͇̪͙n̝̗͕v̟̜̘̦͟o̶̙̰̠kè͚̮̺̪̹̱̤ ̖t̝͕̳̣̻̪͞h̼͓̲̦̳̘̲e͇̣̰̦̬͎ ̢̼̻̱̘h͚͎͙̜̣̲ͅi̦̲̣̰̤v̻͍e̺̭̳̪̰-m̢iͅn̖̺̞̲̯̰d̵̼̟͙̩̼̘̳ ̞̥̱̳̭r̛̗̘e͙p͠r̼̞̻̭̗e̺̠̣͟s̘͇̳͍̝͉e͉̥̯̞̲͚̬͜ǹ̬͎͎̟̖͇̤t͍̬̤͓̼̭͘ͅi̪̱n͠g̴͉ ͏͉ͅc̬̟h͡a̫̻̯͘o̫̟̖͍̙̝͉s̗̦̲.̨̹͈̣,　,false
204,　,社會科學院語學研究所,"__ﾛ(,_,*)",false
205,999999999999999999999999999999999999999999999999999999999999999999999999999999999999999999999999,Ṱ̺̺̕o͞ ̷i̲̬͇̪͙n̝̗͕v̟̜̘̦͟o̶̙̰̠kè͚̮̺̪̹̱̤ ̖t̝͕̳̣̻̪͞h̼͓̲̦̳̘̲e͇̣̰̦̬͎ ̢̼̻̱̘h͚͎͙̜̣̲ͅi̦̲̣̰̤v̻͍e̺̭̳̪̰-m̢iͅn̖̺̞̲̯̰d̵̼̟͙̩̼̘̳ ̞̥̱̳̭r̛̗̘e͙p͠r̼̞̻̭̗e̺̠̣͟s̘͇̳͍̝͉e͉̥̯̞̲͚̬͜ǹ̬͎͎̟̖͇̤t͍̬̤͓̼̭͘ͅi̪̱n͠g̴͉ ͏͉ͅc̬̟h͡a̫̻̯͘o̫̟̖͍̙̝͉s̗̦̲.̨̹͈̣,-1E+02,true
206,1E+02,１２３,١٢٣,true
207,Œ„´‰ˇÁ¨ˆØ∏”’,1E2,"__ﾛ(,_,*)",false
208,"בְּרֵאשִׁית, בָּרָא אֱלֹהִים, אֵת הַשָּׁמַיִם, וְאֵת הָאָרֶץ",../../../../../../../../../../../etc/passwd%00,😍,true
209,-1,'',␣,true
210,"""'""'""''''""",・(￣∀￣)・:*:,👾 🙇 💁 🙅 🙆 🙋 🙎 🙍 ,false
211,パーティーへ行かないか,() { 0; }; touch /tmp/blns.shellshock1.fail;,null,false
212,Œ„´‰ˇÁ¨ˆØ∏”’,​,‫test‫,false
213,() { 0; }; touch /tmp/blns.shellshock1.fail;,1.00,울란바토르,true
214,0/0,　,Ṱ̺̺̕o͞ ̷i̲̬͇̪͙n̝̗͕v̟̜̘̦͟o̶̙̰̠kè͚̮̺̪̹̱̤ ̖t̝͕̳̣̻̪͞h̼͓̲̦̳̘̲e͇̣̰̦̬͎ ̢̼̻̱̘h͚͎͙̜̣̲ͅi̦̲̣̰̤v̻͍e̺̭̳̪̰-m̢iͅn̖̺̞̲̯̰d̵̼̟͙̩̼̘̳ ̞̥̱̳̭r̛̗̘e͙p͠r̼̞̻̭̗e̺̠̣͟s̘͇̳͍̝͉e͉̥̯̞̲͚̬͜ǹ̬͎͎̟̖͇̤t͍̬̤͓̼̭͘ͅi̪̱n͠g̴͉ ͏͉ͅc̬̟h͡a̫̻̯͘o̫̟̖͍̙̝͉s̗̦̲.̨̹͈̣,false
215,ﾟ･✿ヾ╲(｡◕‿◕｡)╱✿･ﾟ,🐵 🙈 🙉 🙊,"<>?:""{}|_+",true
216,1,ÅÍÎÏ˝ÓÔÒÚÆ☃,`⁄€‹›ﬁﬂ‡°·‚—±,true
217,() { _; } >_[$($())] { touch /tmp/blns.shellshock2.fail; },1;DROP TABLE users,ﾟ･✿ヾ╲(｡◕‿◕｡)╱✿･ﾟ,false
218,1/2,<img src=x onerror=alert('hi') />,1,false
219,社會科學院語學研究所,NULL,Ṱ̺̺̕o͞ ̷i̲̬͇̪͙n̝̗͕v̟̜̘̦͟o̶̙̰̠kè͚̮̺̪̹̱̤ ̖t̝͕̳̣̻̪͞h̼͓̲̦̳̘̲e͇̣̰̦̬͎ ̢̼̻̱̘h͚͎͙̜̣̲ͅi̦̲̣̰̤v̻͍e̺̭̳̪̰-m̢iͅn̖̺̞̲̯̰d̵̼̟͙̩̼̘̳ ̞̥̱̳̭r̛̗̘e͙p͠r̼̞̻̭̗e̺̠̣͟s̘͇̳͍̝͉e͉̥̯̞̲͚̬͜ǹ̬͎͎̟̖͇̤t͍̬̤͓̼̭͘ͅi̪̱n͠g̴͉ ͏͉ͅc̬̟h͡a̫̻̯͘o̫̟̖͍̙̝͉s̗̦̲.̨̹͈̣,true
220,0.00,⁰⁴⁵,‪‪test‪,true
221,👾 🙇 💁 🙅 🙆 🙋 🙎 🙍 ,1/2,NULL,true
222,사회과학원 어학연구소,NIL,和製漢語,true
223,👩🏽,🐵 🙈 🙉 🙊,"__ﾛ(,_,*)",true
224,社會科學院語學研究所,<script>alert('hi')</script>,"""",true
225,사회과학원 어학연구소,울란바토르,ヽ༼ຈل͜ຈ༽ﾉ ヽ༼ຈل͜ຈ༽ﾉ ,true
226,(｡◕ ∀ ◕｡),-1/2,Z̮̞̠͙͔ͅḀ̗̞͈̻̗Ḷ͙͎̯̹̞͓G̻O̭̗̮,false
227,田中さんにあげて下さい,0/0,null,false
228,👩🏽,・(￣∀￣)・:*:,울란바토르,true
229,1E+02,̦H̬̤̗̤͝e͜ ̜̥̝̻͍̟́w̕h̖̯͓o̝͙̖͎̱̮ ҉̺̙̞̟͈W̷̼̭a̺̪͍į͈͕̭͙̯̜t̶̼̮s̘͙͖̕ ̠̫̠B̻͍͙͉̳ͅe̵h̵̬͇̫͙i̹͓̳̳̮͎̫̕n͟d̴̪̜̖ ̰͉̩͇͙̲͞ͅT͖̼͓̪͢h͏͓̮̻e̬̝̟ͅ ̤̹̝W͙̞̝͔͇͝ͅa͏͓͔̹̼̣l̴͔̰̤̟͔ḽ̫.͕,"ثم نفس سقطت وبالتحديد،, جزيرتي باستخدام أن دنو. إذ هنا؟ الستار وتنصيب كان. أهّل ايطاليا، بريطانيا-فرنسا قد أخذ. سليمان، إتفاقية بين ما, يذكر الحدود أي بعد, معاملة بولندا، الإطلاق عل إيو.",true
230,"""''''""'""",0.00,‪‪test‪,false
231,-1E2,"""''''""'""",-1E+02,false
232,åß∂ƒ©˙∆˚¬…æ,　,ﾟ･✿ヾ╲(｡◕‿◕｡)╱✿･ﾟ,true
233,⁦test⁧,˙ɐnbᴉlɐ ɐuƃɐɯ ǝɹolop ʇǝ ǝɹoqɐl ʇn ʇunpᴉpᴉɔuᴉ ɹodɯǝʇ poɯsnᴉǝ op pǝs 'ʇᴉlǝ ƃuᴉɔsᴉdᴉpɐ ɹnʇǝʇɔǝsuoɔ 'ʇǝɯɐ ʇᴉs ɹolop ɯnsdᴉ ɯǝɹo˥,null,false
234,⁰⁴⁵₀₁₂,1/0,1,false
235,和製漢語,הָיְתָהtestالصفحات التّحول,../../../../../../../../../../../etc/passwd%00,true
236,␡,␡,・(￣∀￣)・:*:,true
237,⁰⁴⁵₀₁₂,ヽ༼ຈل͜ຈ༽ﾉ ヽ༼ຈل͜ຈ༽ﾉ , test ,true
238,1.00,(｡◕ ∀ ◕｡),0.00,false
239,¡™£¢∞§¶•ªº–≠,<svg><script>0<1>alert('XSS')</script>,‪‪test‪,true
240,-1,␡,(｡◕ ∀ ◕｡),false
241,❤️ 💔 💌 💕 💞 💓 💗 💖 💘 💝 💟 💜 💛 💚 💙,null,",./;'[]\-=",true
242,null,١٢٣,Œ„´‰ˇÁ¨ˆØ∏”’,true
243,0/0,åß∂ƒ©˙∆˚¬…æ,nil,true
244,사회과학원 어학연구소,0/0,../../../../../../../../../../../etc/passwd%00,true
245,␢,١٢٣,‪‪test‪,true
246,1E2,/dev/null; touch /tmp/blns.fail ; echo,1/0,false
247,😍,｀ｨ(´∀｀∩,１２３,false
248,() { _; } >_[$($())] { touch /tmp/blns.shellshock2.fail; },｀ｨ(´∀｀∩,"""''''""'""",false
249,() { 0; }; touch /tmp/blns.shellshock1.fail;,åß∂ƒ©˙∆˚¬…æ,-1E2,true
250,"ثم نفس سقطت وبالتحديد،, جزيرتي باستخدام أن دنو. إذ هنا؟ الستار وتنصيب كان. أهّل ايطاليا، بريطانيا-فرنسا قد أخذ. سليمان، إتفاقية بين ما, يذكر الحدود أي بعد, معاملة بولندا، الإطلاق عل إيو.",-1/2, ,true
251,00˙Ɩ$-,ヽ༼ຈل͜ຈ༽ﾉ ヽ༼ຈل͜ຈ༽ﾉ ,Z̮̞̠͙͔ͅḀ̗̞͈̻̗Ḷ͙͎̯̹̞͓G̻O̭̗̮,true
252,1;DROP TABLE users,!@#$%^&*(),-$1.00,true
253,✋🏿 💪🏿 👐🏿 🙌🏿 👏🏿 🙏🏿,👩🏽,​,true
254,(╯°□°）╯︵ ┻━┻)  ,/dev/null; touch /tmp/blns.fail ; echo,사회과학원 어학연구소,false
255,nil,❤️ 💔 💌 💕 💞 💓 💗 💖 💘 💝 💟 💜 💛 💚 💙,1/2,false
256,・(￣∀￣)・:*:,😍,<svg><script>0<1>alert('XSS')</script>,false
257,˙ɐnbᴉlɐ ɐuƃɐɯ ǝɹolop ʇǝ ǝɹoqɐl ʇn ʇunpᴉpᴉɔuᴉ ɹodɯǝʇ poɯsnᴉǝ op pǝs 'ʇᴉlǝ ƃuᴉɔsᴉdᴉpɐ ɹnʇǝʇɔǝsuoɔ 'ʇǝɯɐ ʇᴉs ɹolop ɯnsdᴉ ɯǝɹo˥,😍,åß∂ƒ©˙∆˚¬…æ,false
258,⁰⁴⁵,../../../../../../../../../../../etc/hosts,١٢٣,false
259,1;DROP TABLE users,1;DROP TABLE users,-1E+02,true
260,-1E+02,Œ„´‰ˇÁ¨ˆØ∏”’,❤️ 💔 💌 💕 💞 💓 💗 💖 💘 💝 💟 💜 💛 💚 💙,true
261,⁰⁴⁵₀₁₂,"""""",-$1.00,true
262,"""'""'""''''""",<img src=x onerror=alert('hi') />,0/0,true
263,"""''''""'""",,!@#$%^&*(),true
264,・(￣∀￣)・:*:,₀₁₂,部落格,true
265,-1.00,ヽ༼ຈل͜ຈ༽ﾉ ヽ༼ຈل͜ຈ༽ﾉ ,`⁄€‹›ﬁﬂ‡°·‚—±,true
266,0️⃣ 1️⃣ 2️⃣ 3️⃣ 4️⃣ 5️⃣ 6️⃣ 7️⃣ 8️⃣ 9️⃣ 🔟,¸˛Ç◊ı˜Â¯˘¿,/dev/null; touch /tmp/blns.fail ; echo,false
267,",。・:*:・゜’( ☻ ω ☻ )。・:*:・゜’",₀₁₂,(｡◕ ∀ ◕｡),false
268,",./;'[]\-=",-$1.00,‫test‫,false
269,𠜎𠜱𠝹𠱓𠱸𠲖𠳏,"""",() { 0; }; touch /tmp/blns.shellshock1.fail;,false
270,¸˛Ç◊ı˜Â¯˘¿,␣,パーティーへ行かないか,false
271,部落格,åß∂ƒ©˙∆˚¬…æ,(ﾉಥ益ಥ）ﾉ﻿ ┻━┻,false
272,　,１２３,NIL,false
273,1E2,ﾟ･✿ヾ╲(｡◕‿◕｡)╱✿･ﾟ, ,true
274,NIL,᠎,｀ｨ(´∀｀∩,true
275,1;DROP TABLE users,和製漢語,NIL,false
276,😍,-1E2,₀₁₂,true
277,¸˛Ç◊ı˜Â¯˘¿,😍,NULL,false
278,"""",パーティーへ行かないか,田中さんにあげて下さい,true
279,'',̡͓̞ͅI̗̘̦͝n͇͇͙v̮̫ok̲̫̙͈i̖͙̭̹̠̞n̡̻̮̣̺g̲͈͙̭͙̬͎ ̰t͔̦h̞̲e̢̤ ͍̬̲͖f̴̘͕̣è͖ẹ̥̩l͖͔͚i͓͚̦͠n͖͍̗͓̳̮g͍ ̨o͚̪͡f̘̣̬ ̖̘͖̟͙̮c҉͔̫͖͓͇͖ͅh̵̤̣͚͔á̗̼͕ͅo̼̣̥s̱͈̺̖̦̻͢.̛̖̞̠̫̰,`⁄€‹›ﬁﬂ‡°·‚—±,true
280,1E02,הָיְתָהtestالصفحات التّحول,1'; DROP TABLE users--,true
281,!@#$%^&*(),👾 🙇 💁 🙅 🙆 🙋 🙎 🙍 ,'',true
282,(╯°□°）╯︵ ┻━┻)  ,‫test‫,test⁠test‫,false
283,1'; DROP TABLE users--,"""""",!@#$%^&*(),true
284,-1/2,̦H̬̤̗̤͝e͜ ̜̥̝̻͍̟́w̕h̖̯͓o̝͙̖͎̱̮ ҉̺̙̞̟͈W̷̼̭a̺̪͍į͈͕̭͙̯̜t̶̼̮s̘͙͖̕ ̠̫̠B̻͍͙͉̳ͅe̵h̵̬͇̫͙i̹͓̳̳̮͎̫̕n͟d̴̪̜̖ ̰͉̩͇͙̲͞ͅT͖̼͓̪͢h͏͓̮̻e̬̝̟ͅ ̤̹̝W͙̞̝͔͇͝ͅa͏͓͔̹̼̣l̴͔̰̤̟͔ḽ̫.͕,"'""'",false
285,0/0,הָיְתָהtestالصفحات التّحول,../../../../../../../../../../../etc/hosts,true
286,😍,../../../../../../../../../../../etc/passwd%00,𠜎𠜱𠝹𠱓𠱸𠲖𠳏,false
287,<script>alert('hi')</script>,Z̮̞̠͙͔ͅḀ̗̞͈̻̗Ḷ͙͎̯̹̞͓G̻O̭̗̮,Z̮̞̠͙͔ͅḀ̗̞͈̻̗Ḷ͙͎̯̹̞͓G̻O̭̗̮,true
288,"<>?:""{}|_+",<script>alert('hi')</script>,١٢٣,false
289,␣,0.00,1/0,false
290, ,NIL,😍,false
291,1;DROP TABLE users,"'""'",$1.00,false
292,<script>alert('hi')</script>, ,-1.00,false
293,1;DROP TABLE users,Ω≈ç√∫˜µ≤≥÷,社會科學院語學研究所,true
294,nil,1E02,$1.00,false
295,˙ɐnbᴉlɐ ɐuƃɐɯ ǝɹolop ʇǝ ǝɹoqɐl ʇn ʇunpᴉpᴉɔuᴉ ɹodɯǝʇ poɯsnᴉǝ op pǝs 'ʇᴉlǝ ƃuᴉɔsᴉdᴉpɐ ɹnʇǝʇɔǝsuoɔ 'ʇǝɯɐ ʇᴉs ɹolop ɯnsdᴉ ɯǝɹo˥,̗̺͖̹̯͓Ṯ̤͍̥͇͈h̲́e͏͓̼̗̙̼̣͔ ͇̜̱̠͓͍ͅN͕͠e̗̱z̘̝̜̺͙p̤̺̹͍̯͚e̠̻̠͜r̨̤͍̺̖͔̖̖d̠̟̭̬̝͟i̦͖̩͓͔̤a̠̗̬͉̙n͚͜ ̻̞̰͚ͅh̵͉i̳̞v̢͇ḙ͎͟-҉̭̩̼͔m̤̭̫i͕͇̝̦n̗͙ḍ̟ ̯̲͕͞ǫ̟̯̰̲͙̻̝f ̪̰̰̗̖̭̘͘c̦͍̲̞͍̩̙ḥ͚a̮͎̟̙͜ơ̩̹͎s̤.̝̝ ҉Z̡̖̜͖̰̣͉̜a͖̰͙̬͡l̲̫̳͍̩g̡̟̼̱͚̞̬ͅo̗͜.̟,❤️ 💔 💌 💕 💞 💓 💗 💖 💘 💝 💟 💜 💛 💚 💙,true
296,"<>?:""{}|_+",Ω≈ç√∫˜µ≤≥÷,1E2,false
297,¡™£¢∞§¶•ªº–≠,"'""'",✋🏿 💪🏿 👐🏿 🙌🏿 👏🏿 🙏🏿,false
298,(ﾉಥ益ಥ）ﾉ﻿ ┻━┻,Œ„´‰ˇÁ¨ˆØ∏”’,999999999999999999999999999999999999999999999999999999999999999999999999999999999999999999999999,true
299,​,᠎,1;DROP TABLE users,true
300,(╯°□°）╯︵ ┻━┻)  ,null,😍,true
301,<script>alert('hi')</script>,‫test‫,<svg><script>0<1>alert('XSS')</script>,false
302,ヽ༼ຈل͜ຈ༽ﾉ ヽ༼ຈل͜ຈ༽ﾉ ,-1E02,"בְּרֵאשִׁית, בָּרָא אֱלֹהִים, אֵת הַשָּׁמַיִם, וְאֵת הָאָרֶץ",true
303, ,',../../../../../../../../../../../etc/passwd%00,false
304,1,null,-1E+02,true
305,１２３,NIL,1.00,true
306,null,👾 🙇 💁 🙅 🙆 🙋 🙎 🙍 ,1,false
307,-1,<script>alert('hi')</script>,הָיְתָהtestالصفحات التّحول,true
308,᠎,̗̺͖̹̯͓Ṯ̤͍̥͇͈h̲́e͏͓̼̗̙̼̣͔ ͇̜̱̠͓͍ͅN͕͠e̗̱z̘̝̜̺͙p̤̺̹͍̯͚e̠̻̠͜r̨̤͍̺̖͔̖̖d̠̟̭̬̝͟i̦͖̩͓͔̤a̠̗̬͉̙n͚͜ ̻̞̰͚ͅh̵͉i̳̞v̢͇ḙ͎͟-҉̭̩̼͔m̤̭̫i͕͇̝̦n̗͙ḍ̟ ̯̲͕͞ǫ̟̯̰̲͙̻̝f ̪̰̰̗̖̭̘͘c̦͍̲̞͍̩̙ḥ͚a̮͎̟̙͜ơ̩̹͎s̤.̝̝ ҉Z̡̖̜͖̰̣͉̜a͖̰͙̬͡l̲̫̳͍̩g̡̟̼̱͚̞̬ͅo̗͜.̟,｀ｨ(´∀｀∩,true
309,⁦test⁧,Œ„´‰ˇÁ¨ˆØ∏”’,Ṱ̺̺̕o͞ ̷i̲̬͇̪͙n̝̗͕v̟̜̘̦͟o̶̙̰̠kè͚̮̺̪̹̱̤ ̖t̝͕̳̣̻̪͞h̼͓̲̦̳̘̲e͇̣̰̦̬͎ ̢̼̻̱̘h͚͎͙̜̣̲ͅi̦̲̣̰̤v̻͍e̺̭̳̪̰-m̢iͅn̖̺̞̲̯̰d̵̼̟͙̩̼̘̳ ̞̥̱̳̭r̛̗̘e͙p͠r̼̞̻̭̗e̺̠̣͟s̘͇̳͍̝͉e͉̥̯̞̲͚̬͜ǹ̬͎͎̟̖͇̤t͍̬̤͓̼̭͘ͅi̪̱n͠g̴͉ ͏͉ͅc̬̟h͡a̫̻̯͘o̫̟̖͍̙̝͉s̗̦̲.̨̹͈̣,false
310,"""''''""'""",̡͓̞ͅI̗̘̦͝n͇͇͙v̮̫ok̲̫̙͈i̖͙̭̹̠̞n̡̻̮̣̺g̲͈͙̭͙̬͎ ̰t͔̦h̞̲e̢̤ ͍̬̲͖f̴̘͕̣è͖ẹ̥̩l͖͔͚i͓͚̦͠n͖͍̗͓̳̮g͍ ̨o͚̪͡f̘̣̬ ̖̘͖̟͙̮c҉͔̫͖͓͇͖ͅh̵̤̣͚͔á̗̼͕ͅo̼̣̥s̱͈̺̖̦̻͢.̛̖̞̠̫̰,-1/2,true
311,1E02,"<>?:""{}|_+",åß∂ƒ©˙∆˚¬…æ,false
312,⁰⁴⁵₀₁₂,00˙Ɩ$-,!@#$%^&*(),false
313,​,␣,1.00,false
314,NIL,👾 🙇 💁 🙅 🙆 🙋 🙎 🙍 ,-1E2,true
315,和製漢語,ﾟ･✿ヾ╲(｡◕‿◕｡)╱✿･ﾟ,"""""",false
316,"""''''""'""","""",0.00,false
317,¡™£¢∞§¶•ªº–≠,',1E2,true
318,﻿,0/0,œ∑´®†¥¨ˆøπ“‘,true
319,␣,"ثم نفس سقطت وبالتحديد،, جزيرتي باستخدام أن دنو. إذ هنا؟ الستار وتنصيب كان. أهّل ايطاليا، بريطانيا-فرنسا قد أخذ. سليمان، إتفاقية بين ما, يذكر الحدود أي بعد, معاملة بولندا، الإطلاق عل إيو.",社會科學院語學研究所,false
320,../../../../../../../../../../../etc/passwd%00,₀₁₂,!@#$%^&*(),true
321,-1.00,0️⃣ 1️⃣ 2️⃣ 3️⃣ 4️⃣ 5️⃣ 6️⃣ 7️⃣ 8️⃣ 9️⃣ 🔟,null,true
322,👾 🙇 💁 🙅 🙆 🙋 🙎 🙍 ,(｡◕ ∀ ◕｡),1E02,false
323,울란바토르,｀ｨ(´∀｀∩,사회과학원 어학연구소,false
324,​,사회과학원 어학연구소,../../../../../../../../../../../etc/hosts,true
325,﻿,̡͓̞ͅI̗̘̦͝n͇͇͙v̮̫ok̲̫̙͈i̖͙̭̹̠̞n̡̻̮̣̺g̲͈͙̭͙̬͎ ̰t͔̦h̞̲e̢̤ ͍̬̲͖f̴̘͕̣è͖ẹ̥̩l͖͔͚i͓͚̦͠n͖͍̗͓̳̮g͍ ̨o͚̪͡f̘̣̬ ̖̘͖̟͙̮c҉͔̫͖͓͇͖ͅh̵̤̣͚͔á̗̼͕ͅo̼̣̥s̱͈̺̖̦̻͢.̛̖̞̠̫̰,œ∑´®†¥¨ˆøπ“‘,false
326,　,｀ｨ(´∀｀∩,¡™£¢∞§¶•ªº–≠,false
327,1E+02,̡͓̞ͅI̗̘̦͝n͇͇͙v̮̫ok̲̫̙͈i̖͙̭̹̠̞n̡̻̮̣̺g̲͈͙̭͙̬͎ ̰t͔̦h̞̲e̢̤ ͍̬̲͖f̴̘͕̣è͖ẹ̥̩l͖͔͚i͓͚̦͠n͖͍̗͓̳̮g͍ ̨o͚̪͡f̘̣̬ ̖̘͖̟͙̮c҉͔̫͖͓͇͖ͅh̵̤̣͚͔á̗̼͕ͅo̼̣̥s̱͈̺̖̦̻͢.̛̖̞̠̫̰,・(￣∀￣)・:*:,true
328,<svg><script>0<1>alert('XSS')</script>,"""""",田中さんにあげて下さい,false
329,Œ„´‰ˇÁ¨ˆØ∏”’,(╯°□°）╯︵ ┻━┻)  ,åß∂ƒ©˙∆˚¬…æ,false
330,ÅÍÎÏ˝ÓÔÒÚÆ☃,𠜎𠜱𠝹𠱓𠱸𠲖𠳏,１２３,true
331,｀ｨ(´∀｀∩,𠜎𠜱𠝹𠱓𠱸𠲖𠳏,⁰⁴⁵,false
332,᠎,1/2,"""'""'""''''""",false
333,␢,田中さんにあげて下さい,̡͓̞ͅI̗̘̦͝n͇͇͙v̮̫ok̲̫̙͈i̖͙̭̹̠̞n̡̻̮̣̺g̲͈͙̭͙̬͎ ̰t͔̦h̞̲e̢̤ ͍̬̲͖f̴̘͕̣è͖ẹ̥̩l͖͔͚i͓͚̦͠n͖͍̗͓̳̮g͍ ̨o͚̪͡f̘̣̬ ̖̘͖̟͙̮c҉͔̫͖͓͇͖ͅh̵̤̣͚͔á̗̼͕ͅo̼̣̥s̱͈̺̖̦̻͢.̛̖̞̠̫̰,true
334,1E02,<svg><script>0<1>alert('XSS')</script>,部落格,true
335,-$1.00,$1.00,울란바토르,false
336,1E02,﻿,﻿,false
337,,١٢٣,1'; DROP TABLE users--,false
338,1E2,Ṱ̺̺̕o͞ ̷i̲̬͇̪͙n̝̗͕v̟̜̘̦͟o̶̙̰̠kè͚̮̺̪̹̱̤ ̖t̝͕̳̣̻̪͞h̼͓̲̦̳̘̲e͇̣̰̦̬͎ ̢̼̻̱̘h͚͎͙̜̣̲ͅi̦̲̣̰̤v̻͍e̺̭̳̪̰-m̢iͅn̖̺̞̲̯̰d̵̼̟͙̩̼̘̳ ̞̥̱̳̭r̛̗̘e͙p͠r̼̞̻̭̗e̺̠̣͟s̘͇̳͍̝͉e͉̥̯̞̲͚̬͜ǹ̬͎͎̟̖͇̤t͍̬̤͓̼̭͘ͅi̪̱n͠g̴͉ ͏͉ͅc̬̟h͡a̫̻̯͘o̫̟̖͍̙̝͉s̗̦̲.̨̹͈̣,<svg><script>0<1>alert('XSS')</script>,false
339,｀ｨ(´∀｀∩,울란바토르,̡͓̞ͅI̗̘̦͝n͇͇͙v̮̫ok̲̫̙͈i̖͙̭̹̠̞n̡̻̮̣̺g̲͈͙̭͙̬͎ ̰t͔̦h̞̲e̢̤ ͍̬̲͖f̴̘͕̣è͖ẹ̥̩l͖͔͚i͓͚̦͠n͖͍̗͓̳̮g͍ ̨o͚̪͡f̘̣̬ ̖̘͖̟͙̮c҉͔̫͖͓͇͖ͅh̵̤̣͚͔á̗̼͕ͅo̼̣̥s̱͈̺̖̦̻͢.̛̖̞̠̫̰,true
340,␢,() { _; } >_[$($())] { touch /tmp/blns.shellshock2.fail; },Ω≈ç√∫˜µ≤≥÷,false
341,1E+02, ,😍,true
342,(╯°□°）╯︵ ┻━┻)  ,"""'""'""''''""",❤️ 💔 💌 💕 💞 💓 💗 💖 💘 💝 💟 💜 💛 💚 💙,false
343,../../../../../../../../../../../etc/hosts,社會科學院語學研究所,-$1.00,true
344,test⁠test‫,<svg><script>0<1>alert('XSS')</script>,-1E02,true
345,0.00,﻿,사회과학원 어학연구소,true
346, test ,ヽ༼ຈل͜ຈ༽ﾉ ヽ༼ຈل͜ຈ༽ﾉ ,部落格,false
347,和製漢語,åß∂ƒ©˙∆˚¬…æ,-1E2,false
348,̗̺͖̹̯͓Ṯ̤͍̥͇͈h̲́e͏͓̼̗̙̼̣͔ ͇̜̱̠͓͍ͅN͕͠e̗̱z̘̝̜̺͙p̤̺̹͍̯͚e̠̻̠͜r̨̤͍̺̖͔̖̖d̠̟̭̬̝͟i̦͖̩͓͔̤a̠̗̬͉̙n͚͜ ̻̞̰͚ͅh̵͉i̳̞v̢͇ḙ͎͟-҉̭̩̼͔m̤̭̫i͕͇̝̦n̗͙ḍ̟ ̯̲͕͞ǫ̟̯̰̲͙̻̝f ̪̰̰̗̖̭̘͘c̦͍̲̞͍̩̙ḥ͚a̮͎̟̙͜ơ̩̹͎s̤.̝̝ ҉Z̡̖̜͖̰̣͉̜a͖̰͙̬͡l̲̫̳͍̩g̡̟̼̱͚̞̬ͅo̗͜.̟,﻿,',true
349,(╯°□°）╯︵ ┻━┻)  ,　,`⁄€‹›ﬁﬂ‡°·‚—±,true
350,⁰⁴⁵₀₁₂,<img src=x onerror=alert('hi') />,0️⃣ 1️⃣ 2️⃣ 3️⃣ 4️⃣ 5️⃣ 6️⃣ 7️⃣ 8️⃣ 9️⃣ 🔟,true
351,・(￣∀￣)・:*:,-1E+02,(ﾉಥ益ಥ）ﾉ﻿ ┻━┻,true
352,,̡͓̞ͅI̗̘̦͝n͇͇͙v̮̫ok̲̫̙͈i̖͙̭̹̠̞n̡̻̮̣̺g̲͈͙̭͙̬͎ ̰t͔̦h̞̲e̢̤ ͍̬̲͖f̴̘͕̣è͖ẹ̥̩l͖͔͚i͓͚̦͠n͖͍̗͓̳̮g͍ ̨o͚̪͡f̘̣̬ ̖̘͖̟͙̮c҉͔̫͖͓͇͖ͅh̵̤̣͚͔á̗̼͕ͅo̼̣̥s̱͈̺̖̦̻͢.̛̖̞̠̫̰,../../../../../../../../../../../etc/passwd%00,true
353,../../../../../../../../../../../etc/hosts,1.00,울란바토르,false
354,社會科學院語學研究所,00˙Ɩ$-,​,false
355,和製漢語,"<>?:""{}|_+",-$1.00,false
356,‫test‫,울란바토르,<img src=x onerror=alert('hi') />,false
357,１２３,⁰⁴⁵₀₁₂,<img src=x onerror=alert('hi') />,false
358,-1E+02,"""""",¡™£¢∞§¶•ªº–≠,false
359,null,Ω≈ç√∫˜µ≤≥÷,🐵 🙈 🙉 🙊,false
360,˙ɐnbᴉlɐ ɐuƃɐɯ ǝɹolop ʇǝ ǝɹoqɐl ʇn ʇunpᴉpᴉɔuᴉ ɹodɯǝʇ poɯsnᴉǝ op pǝs 'ʇᴉlǝ ƃuᴉɔsᴉdᴉpɐ ɹnʇǝʇɔǝsuoɔ 'ʇǝɯɐ ʇᴉs ɹolop ɯnsdᴉ ɯǝɹo˥,!@#$%^&*(),｀ｨ(´∀｀∩,false
361,$1.00,test⁠test‫,1E02,false
362,Ṱ̺̺̕o͞ ̷i̲̬͇̪͙n̝̗͕v̟̜̘̦͟o̶̙̰̠kè͚̮̺̪̹̱̤ ̖t̝͕̳̣̻̪͞h̼͓̲̦̳̘̲e͇̣̰̦̬͎ ̢̼̻̱̘h͚͎͙̜̣̲ͅi̦̲̣̰̤v̻͍e̺̭̳̪̰-m̢iͅn̖̺̞̲̯̰d̵̼̟͙̩̼̘̳ ̞̥̱̳̭r̛̗̘e͙p͠r̼̞̻̭̗e̺̠̣͟s̘͇̳͍̝͉e͉̥̯̞̲͚̬͜ǹ̬͎͎̟̖͇̤t͍̬̤͓̼̭͘ͅi̪̱n͠g̴͉ ͏͉ͅc̬̟h͡a̫̻̯͘o̫̟̖͍̙̝͉s̗̦̲.̨̹͈̣,パーティーへ行かないか,｀ｨ(´∀｀∩,false
363,｀ｨ(´∀｀∩,﻿,1E02,true
364,⁰⁴⁵₀₁₂,1E+02,-1/2,false
365,null, test ,0.00,false
366,¸˛Ç◊ı˜Â¯˘¿,!@#$%^&*(),和製漢語,true
367,0/0,1.00,",./;'[]\-=",false
368,̗̺͖̹̯͓Ṯ̤͍̥͇͈h̲́e͏͓̼̗̙̼̣͔ ͇̜̱̠͓͍ͅN͕͠e̗̱z̘̝̜̺͙p̤̺̹͍̯͚e̠̻̠͜r̨̤͍̺̖͔̖̖d̠̟̭̬̝͟i̦͖̩͓͔̤a̠̗̬͉̙n͚͜ ̻̞̰͚ͅh̵͉i̳̞v̢͇ḙ͎͟-҉̭̩̼͔m̤̭̫i͕͇̝̦n̗͙ḍ̟ ̯̲͕͞ǫ̟̯̰̲͙̻̝f ̪̰̰̗̖̭̘͘c̦͍̲̞͍̩̙ḥ͚a̮͎̟̙͜ơ̩̹͎s̤.̝̝ ҉Z̡̖̜͖̰̣͉̜a͖̰͙̬͡l̲̫̳͍̩g̡̟̼̱͚̞̬ͅo̗͜.̟,00˙Ɩ$-,0️⃣ 1️⃣ 2️⃣ 3️⃣ 4️⃣ 5️⃣ 6️⃣ 7️⃣ 8️⃣ 9️⃣ 🔟,false
369,🚾 🆒 🆓 🆕 🆖 🆗 🆙 🏧,ヽ༼ຈل͜ຈ༽ﾉ ヽ༼ຈل͜ຈ༽ﾉ ,ÅÍÎÏ˝ÓÔÒÚÆ☃,false
370,ヽ༼ຈل͜ຈ༽ﾉ ヽ༼ຈل͜ຈ༽ﾉ ,<script>alert('hi')</script>,`⁄€‹›ﬁﬂ‡°·‚—±,false
371,"בְּרֵאשִׁית, בָּרָא אֱלֹהִים, אֵת הַשָּׁמַיִם, וְאֵת הָאָרֶץ", test ,999999999999999999999999999999999999999999999999999999999999999999999999999999999999999999999999,true
372,❤️ 💔 💌 💕 💞 💓 💗 💖 💘 💝 💟 💜 💛 💚 💙,Ω≈ç√∫˜µ≤≥÷,１２３,true
373,"בְּרֵאשִׁית, בָּרָא אֱלֹהִים, אֵת הַשָּׁמַיִם, וְאֵת הָאָרֶץ",❤️ 💔 💌 💕 💞 💓 💗 💖 💘 💝 💟 💜 💛 💚 💙,"""'""'""''''""",false
374,␣,​,"'""'",true
375,"ثم نفس سقطت وبالتحديد،, جزيرتي باستخدام أن دنو. إذ هنا؟ الستار وتنصيب كان. أهّل ايطاليا، بريطانيا-فرنسا قد أخذ. سليمان، إتفاقية بين ما, يذكر الحدود أي بعد, معاملة بولندا، الإطلاق عل إيو.",₀₁₂,NIL,true
376,999999999999999999999999999999999999999999999999999999999999999999999999999999999999999999999999,✋🏿 💪🏿 👐🏿 🙌🏿 👏🏿 🙏🏿,0/0,true
377,Ṱ̺̺̕o͞ ̷i̲̬͇̪͙n̝̗͕v̟̜̘̦͟o̶̙̰̠kè͚̮̺̪̹̱̤ ̖t̝͕̳̣̻̪͞h̼͓̲̦̳̘̲e͇̣̰̦̬͎ ̢̼̻̱̘h͚͎͙̜̣̲ͅi̦̲̣̰̤v̻͍e̺̭̳̪̰-m̢iͅn̖̺̞̲̯̰d̵̼̟͙̩̼̘̳ ̞̥̱̳̭r̛̗̘e͙p͠r̼̞̻̭̗e̺̠̣͟s̘͇̳͍̝͉e͉̥̯̞̲͚̬͜ǹ̬͎͎̟̖͇̤t͍̬̤͓̼̭͘ͅi̪̱n͠g̴͉ ͏͉ͅc̬̟h͡a̫̻̯͘o̫̟̖͍̙̝͉s̗̦̲.̨̹͈̣,œ∑´®†¥¨ˆøπ“‘,̡͓̞ͅI̗̘̦͝n͇͇͙v̮̫ok̲̫̙͈i̖͙̭̹̠̞n̡̻̮̣̺g̲͈͙̭͙̬͎ ̰t͔̦h̞̲e̢̤ ͍̬̲͖f̴̘͕̣è͖ẹ̥̩l͖͔͚i͓͚̦͠n͖͍̗͓̳̮g͍ ̨o͚̪͡f̘̣̬ ̖̘͖̟͙̮c҉͔̫͖͓͇͖ͅh̵̤̣͚͔á̗̼͕ͅo̼̣̥s̱͈̺̖̦̻͢.̛̖̞̠̫̰,true
378,ﾟ･✿ヾ╲(｡◕‿◕｡)╱✿･ﾟ,1'; DROP TABLE users--,../../../../../../../../../../../etc/hosts,true
379,NIL,0️⃣ 1️⃣ 2️⃣ 3️⃣ 4️⃣ 5️⃣ 6️⃣ 7️⃣ 8️⃣ 9️⃣ 🔟,‫test‫,true
380,'',<img src=x onerror=alert('hi') />,⁰⁴⁵,true
381,"__ﾛ(,_,*)","בְּרֵאשִׁית, בָּרָא אֱלֹהִים, אֵת הַשָּׁמַיִם, וְאֵת הָאָרֶץ",✋🏿 💪🏿 👐🏿 🙌🏿 👏🏿 🙏🏿,false
382,,-1E2,-1E+02,true
383,() { 0; }; touch /tmp/blns.shellshock1.fail;,﻿,사회과학원 어학연구소,false
384,'',Œ„´‰ˇÁ¨ˆØ∏”’,/dev/null; touch /tmp/blns.fail ; echo,true
385,¡™£¢∞§¶•ªº–≠,̗̺͖̹̯͓Ṯ̤͍̥͇͈h̲́e͏͓̼̗̙̼̣͔ ͇̜̱̠͓͍ͅN͕͠e̗̱z̘̝̜̺͙p̤̺̹͍̯͚e̠̻̠͜r̨̤͍̺̖͔̖̖d̠̟̭̬̝͟i̦͖̩͓͔̤a̠̗̬͉̙n͚͜ ̻̞̰͚ͅh̵͉i̳̞v̢͇ḙ͎͟-҉̭̩̼͔m̤̭̫i͕͇̝̦n̗͙ḍ̟ ̯̲͕͞ǫ̟̯̰̲͙̻̝f ̪̰̰̗̖̭̘͘c̦͍̲̞͍̩̙ḥ͚a̮͎̟̙͜ơ̩̹͎s̤.̝̝ ҉Z̡̖̜͖̰̣͉̜a͖̰͙̬͡l̲̫̳͍̩g̡̟̼̱͚̞̬ͅo̗͜.̟,../../../../../../../../../../../etc/passwd%00,false
386,١٢٣,nil,社會科學院語學研究所,false
387,̦H̬̤̗̤͝e͜ ̜̥̝̻͍̟́w̕h̖̯͓o̝͙̖͎̱̮ ҉̺̙̞̟͈W̷̼̭a̺̪͍į͈͕̭͙̯̜t̶̼̮s̘͙͖̕ ̠̫̠B̻͍͙͉̳ͅe̵h̵̬͇̫͙i̹͓̳̳̮͎̫̕n͟d̴̪̜̖ ̰͉̩͇͙̲͞ͅT͖̼͓̪͢h͏͓̮̻e̬̝̟ͅ ̤̹̝W͙̞̝͔͇͝ͅa͏͓͔̹̼̣l̴͔̰̤̟͔ḽ̫.͕,`⁄€‹›ﬁﬂ‡°·‚—±,​,true
388,`⁄€‹›ﬁﬂ‡°·‚—±,‫test‫,åß∂ƒ©˙∆˚¬…æ,true
389,₀₁₂,␡,␡,false
390,() { _; } >_[$($())] { touch /tmp/blns.shellshock2.fail; },⁰⁴⁵₀₁₂,-1,false
391,̡͓̞ͅI̗̘̦͝n͇͇͙v̮̫ok̲̫̙͈i̖͙̭̹̠̞n̡̻̮̣̺g̲͈͙̭͙̬͎ ̰t͔̦h̞̲e̢̤ ͍̬̲͖f̴̘͕̣è͖ẹ̥̩l͖͔͚i͓͚̦͠n͖͍̗͓̳̮g͍ ̨o͚̪͡f̘̣̬ ̖̘͖̟͙̮c҉͔̫͖͓͇͖ͅh̵̤̣͚͔á̗̼͕ͅo̼̣̥s̱͈̺̖̦̻͢.̛̖̞̠̫̰,nil,Œ„´‰ˇÁ¨ˆØ∏”’,true
392,1/0,999999999999999999999999999999999999999999999999999999999999999999999999999999999999999999999999,｀ｨ(´∀｀∩,false
393,$1.00,和製漢語,₀₁₂,true
394,␢,1/0,̗̺͖̹̯͓Ṯ̤͍̥͇͈h̲́e͏͓̼̗̙̼̣͔ ͇̜̱̠͓͍ͅN͕͠e̗̱z̘̝̜̺͙p̤̺̹͍̯͚e̠̻̠͜r̨̤͍̺̖͔̖̖d̠̟̭̬̝͟i̦͖̩͓͔̤a̠̗̬͉̙n͚͜ ̻̞̰͚ͅh̵͉i̳̞v̢͇ḙ͎͟-҉̭̩̼͔m̤̭̫i͕͇̝̦n̗͙ḍ̟ ̯̲͕͞ǫ̟̯̰̲͙̻̝f ̪̰̰̗̖̭̘͘c̦͍̲̞͍̩̙ḥ͚a̮͎̟̙͜ơ̩̹͎s̤.̝̝ ҉Z̡̖̜͖̰̣͉̜a͖̰͙̬͡l̲̫̳͍̩g̡̟̼̱͚̞̬ͅo̗͜.̟,false
395,",。・:*:・゜’( ☻ ω ☻ )。・:*:・゜’",1;DROP TABLE users,１２３,false
396,̦H̬̤̗̤͝e͜ ̜̥̝̻͍̟́w̕h̖̯͓o̝͙̖͎̱̮ ҉̺̙̞̟͈W̷̼̭a̺̪͍į͈͕̭͙̯̜t̶̼̮s̘͙͖̕ ̠̫̠B̻͍͙͉̳ͅe̵h̵̬͇̫͙i̹͓̳̳̮͎̫̕n͟d̴̪̜̖ ̰͉̩͇͙̲͞ͅT͖̼͓̪͢h͏͓̮̻e̬̝̟ͅ ̤̹̝W͙̞̝͔͇͝ͅa͏͓͔̹̼̣l̴͔̰̤̟͔ḽ̫.͕,␡,0️⃣ 1️⃣ 2️⃣ 3️⃣ 4️⃣ 5️⃣ 6️⃣ 7️⃣ 8️⃣ 9️⃣ 🔟,true
397,../../../../../../../../../../../etc/passwd%00,<svg><script>0<1>alert('XSS')</script>,",。・:*:・゜’( ☻ ω ☻ )。・:*:・゜’",true
398,❤️ 💔 💌 💕 💞 💓 💗 💖 💘 💝 💟 💜 💛 💚 💙,-1E02,"בְּרֵאשִׁית, בָּרָא אֱלֹהִים, אֵת הַשָּׁמַיִם, וְאֵת הָאָרֶץ",true
399,1E2,nil,00˙Ɩ$-,false
400,사회과학원 어학연구소,😍,1,false
401,👾 🙇 💁 🙅 🙆 🙋 🙎 🙍 ,␣,❤️ 💔 💌 💕 💞 💓 💗 💖 💘 💝 💟 💜 💛 💚 💙,false
402,1'; DROP TABLE users--,/dev/null; touch /tmp/blns.fail ; echo,"בְּרֵאשִׁית, בָּרָא אֱלֹהִים, אֵת הַשָּׁמַיִם, וְאֵת הָאָרֶץ",true
403,",./;'[]\-=",𠜎𠜱𠝹𠱓𠱸𠲖𠳏,'',true
404,1'; DROP TABLE users--,NULL,1'; DROP TABLE users--,true
405,/dev/null; touch /tmp/blns.fail ; echo,ﾟ･✿ヾ╲(｡◕‿◕｡)╱✿･ﾟ,１２３,true
406,1E+02,/dev/null; touch /tmp/blns.fail ; echo,社會科學院語學研究所,false
407,-1.00,Ṱ̺̺̕o͞ ̷i̲̬͇̪͙n̝̗͕v̟̜̘̦͟o̶̙̰̠kè͚̮̺̪̹̱̤ ̖t̝͕̳̣̻̪͞h̼͓̲̦̳̘̲e͇̣̰̦̬͎ ̢̼̻̱̘h͚͎͙̜̣̲ͅi̦̲̣̰̤v̻͍e̺̭̳̪̰-m̢iͅn̖̺̞̲̯̰d̵̼̟͙̩̼̘̳ ̞̥̱̳̭r̛̗̘e͙p͠r̼̞̻̭̗e̺̠̣͟s̘͇̳͍̝͉e͉̥̯̞̲͚̬͜ǹ̬͎͎̟̖͇̤t͍̬̤͓̼̭͘ͅi̪̱n͠g̴͉ ͏͉ͅc̬̟h͡a̫̻̯͘o̫̟̖͍̙̝͉s̗̦̲.̨̹͈̣,‫test‫,true
408,00˙Ɩ$-,test⁠test‫,"ثم نفس سقطت وبالتحديد،, جزيرتي باستخدام أن دنو. إذ هنا؟ الستار وتنصيب كان. أهّل ايطاليا، بريطانيا-فرنسا قد أخذ. سليمان، إتفاقية بين ما, يذكر الحدود أي بعد, معاملة بولندا، الإطلاق عل إيو.",true
409,"""''''""'""",˙ɐnbᴉlɐ ɐuƃɐɯ ǝɹolop ʇǝ ǝɹoqɐl ʇn ʇunpᴉpᴉɔuᴉ ɹodɯǝʇ poɯsnᴉǝ op pǝs 'ʇᴉlǝ ƃuᴉɔsᴉdᴉpɐ ɹnʇǝʇɔǝsuoɔ 'ʇǝɯɐ ʇᴉs ɹolop ɯnsdᴉ ɯǝɹo˥,!@#$%^&*(),true
410,👩🏽,NULL,"ثم نفس سقطت وبالتحديد،, جزيرتي باستخدام أن دنو. إذ هنا؟ الستار وتنصيب كان. أهّل ايطاليا، بريطانيا-فرنسا قد أخذ. سليمان، إتفاقية بين ما, يذكر الحدود أي بعد, معاملة بولندا، الإطلاق عل إيو.",true
411,<svg><script>0<1>alert('XSS')</script>,"'""'",",。・:*:・゜’( ☻ ω ☻ )。・:*:・゜’",true
412,"""''''""'""",1'; DROP TABLE users--,１２３,true
413,() { 0; }; touch /tmp/blns.shellshock1.fail;,울란바토르,00˙Ɩ$-,true
414,הָיְתָהtestالصفحات التّحول,../../../../../../../../../../../etc/passwd%00,0/0,false
415,<img src=x onerror=alert('hi') />, ,"<>?:""{}|_+",false
416,1E02, ,"בְּרֵאשִׁית, בָּרָא אֱלֹהִים, אֵת הַשָּׁמַיִם, וְאֵת הָאָרֶץ",true
417,/dev/null; touch /tmp/blns.fail ; echo,̡͓̞ͅI̗̘̦͝n͇͇͙v̮̫ok̲̫̙͈i̖͙̭̹̠̞n̡̻̮̣̺g̲͈͙̭͙̬͎ ̰t͔̦h̞̲e̢̤ ͍̬̲͖f̴̘͕̣è͖ẹ̥̩l͖͔͚i͓͚̦͠n͖͍̗͓̳̮g͍ ̨o͚̪͡f̘̣̬ ̖̘͖̟͙̮c҉͔̫͖͓͇͖ͅh̵̤̣͚͔á̗̼͕ͅo̼̣̥s̱͈̺̖̦̻͢.̛̖̞̠̫̰,../../../../../../../../../../../etc/passwd%00,true
418,null,‪‪test‪,-$1.00,true
419,"ثم نفس سقطت وبالتحديد،, جزيرتي باستخدام أن دنو. إذ هنا؟ الستار وتنصيب كان. أهّل ايطاليا، بريطانيا-فرنسا قد أخذ. سليمان، إتفاقية بين ما, يذكر الحدود أي بعد, معاملة بولندا، الإطلاق عل إيو.",',᠎,false
420,הָיְתָהtestالصفحات التّحول,0️⃣ 1️⃣ 2️⃣ 3️⃣ 4️⃣ 5️⃣ 6️⃣ 7️⃣ 8️⃣ 9️⃣ 🔟,ヽ༼ຈل͜ຈ༽ﾉ ヽ༼ຈل͜ຈ༽ﾉ ,false
421,‫test‫,../../../../../../../../../../../etc/passwd%00,1,false
422,Œ„´‰ˇÁ¨ˆØ∏”’,-1E2,😍,false
423,﻿,1/0,田中さんにあげて下さい,true
424,​,١٢٣,00˙Ɩ$-,true
425,() { _; } >_[$($())] { touch /tmp/blns.shellshock2.fail; },₀₁₂,１２３,true
426,NULL,-1E2,test⁠test‫,true
427,❤️ 💔 💌 💕 💞 💓 💗 💖 💘 💝 💟 💜 💛 💚 💙,NULL,1.00,false
428,åß∂ƒ©˙∆˚¬…æ,✋🏿 💪🏿 👐🏿 🙌🏿 👏🏿 🙏🏿,-1E2,false
429,₀₁₂,ﾟ･✿ヾ╲(｡◕‿◕｡)╱✿･ﾟ,`⁄€‹›ﬁﬂ‡°·‚—±,false
430,🚾 🆒 🆓 🆕 🆖 🆗 🆙 🏧,₀₁₂,(｡◕ ∀ ◕｡),true
431,-1,¡™£¢∞§¶•ªº–≠,パーティーへ行かないか,false
432,<script>alert('hi')</script>,NIL,⁰⁴⁵₀₁₂,true
433,NULL,0.00,1E+02,true
434,｀ｨ(´∀｀∩,(｡◕ ∀ ◕｡),`⁄€‹›ﬁﬂ‡°·‚—±,true
435,᠎,-1E02,Ṱ̺̺̕o͞ ̷i̲̬͇̪͙n̝̗͕v̟̜̘̦͟o̶̙̰̠kè͚̮̺̪̹̱̤ ̖t̝͕̳̣̻̪͞h̼͓̲̦̳̘̲e͇̣̰̦̬͎ ̢̼̻̱̘h͚͎͙̜̣̲ͅi̦̲̣̰̤v̻͍e̺̭̳̪̰-m̢iͅn̖̺̞̲̯̰d̵̼̟͙̩̼̘̳ ̞̥̱̳̭r̛̗̘e͙p͠r̼̞̻̭̗e̺̠̣͟s̘͇̳͍̝͉e͉̥̯̞̲͚̬͜ǹ̬͎͎̟̖͇̤t͍̬̤͓̼̭͘ͅi̪̱n͠g̴͉ ͏͉ͅc̬̟h͡a̫̻̯͘o̫̟̖͍̙̝͉s̗̦̲.̨̹͈̣,false
436,åß∂ƒ©˙∆˚¬…æ,`⁄€‹›ﬁﬂ‡°·‚—±,✋🏿 💪🏿 👐🏿 🙌🏿 👏🏿 🙏🏿,false
437,｀ｨ(´∀｀∩,1E2,"<>?:""{}|_+",true
438,NIL,␢,사회과학원 어학연구소,true
439,﻿,"""","__ﾛ(,_,*)",false
440,‪‪test‪,1'; DROP TABLE users--,␣,false
441,¡™£¢∞§¶•ªº–≠,0️⃣ 1️⃣ 2️⃣ 3️⃣ 4️⃣ 5️⃣ 6️⃣ 7️⃣ 8️⃣ 9️⃣ 🔟,ヽ༼ຈل͜ຈ༽ﾉ ヽ༼ຈل͜ຈ༽ﾉ ,true
442,(｡◕ ∀ ◕｡),"ثم نفس سقطت وبالتحديد،, جزيرتي باستخدام أن دنو. إذ هنا؟ الستار وتنصيب كان. أهّل ايطاليا، بريطانيا-فرنسا قد أخذ. سليمان، إتفاقية بين ما, يذكر الحدود أي بعد, معاملة بولندا، الإطلاق عل إيو.",1,false
443,null,❤️ 💔 💌 💕 💞 💓 💗 💖 💘 💝 💟 💜 💛 💚 💙,"__ﾛ(,_,*)",false
444,｀ｨ(´∀｀∩,"'""'","<>?:""{}|_+",true
445,᠎,1E2,1;DROP TABLE users,true
446,・(￣∀￣)・:*:,"__ﾛ(,_,*)",̦H̬̤̗̤͝e͜ ̜̥̝̻͍̟́w̕h̖̯͓o̝͙̖͎̱̮ ҉̺̙̞̟͈W̷̼̭a̺̪͍į͈͕̭͙̯̜t̶̼̮s̘͙͖̕ ̠̫̠B̻͍͙͉̳ͅe̵h̵̬͇̫͙i̹͓̳̳̮͎̫̕n͟d̴̪̜̖ ̰͉̩͇͙̲͞ͅT͖̼͓̪͢h͏͓̮̻e̬̝̟ͅ ̤̹̝W͙̞̝͔͇͝ͅa͏͓͔̹̼̣l̴͔̰̤̟͔ḽ̫.͕,true
447,"""""",˙ɐnbᴉlɐ ɐuƃɐɯ ǝɹolop ʇǝ ǝɹoqɐl ʇn ʇunpᴉpᴉɔuᴉ ɹodɯǝʇ poɯsnᴉǝ op pǝs 'ʇᴉlǝ ƃuᴉɔsᴉdᴉpɐ ɹnʇǝʇɔǝsuoɔ 'ʇǝɯɐ ʇᴉs ɹolop ɯnsdᴉ ɯǝɹo˥,,true
448,Z̮̞̠͙͔ͅḀ̗̞͈̻̗Ḷ͙͎̯̹̞͓G̻O̭̗̮, test ,/dev/null; touch /tmp/blns.fail ; echo,true
449,Œ„´‰ˇÁ¨ˆØ∏”’,"""'""'""''''""",(ﾉಥ益ಥ）ﾉ﻿ ┻━┻,true
450,﻿,../../../../../../../../../../../etc/hosts,null,true
451,`⁄€‹›ﬁﬂ‡°·‚—±,✋🏿 💪🏿 👐🏿 🙌🏿 👏🏿 🙏🏿,œ∑´®†¥¨ˆøπ“‘,true
452,1E02,１２３,,true
453,・(￣∀￣)・:*:,"בְּרֵאשִׁית, בָּרָא אֱלֹהִים, אֵת הַשָּׁמַיִם, וְאֵת הָאָרֶץ",999999999999999999999999999999999999999999999999999999999999999999999999999999999999999999999999,false
454,😍,-1E+02,הָיְתָהtestالصفحات التّحول,false
455,åß∂ƒ©˙∆˚¬…æ,❤️ 💔 💌 💕 💞 💓 💗 💖 💘 💝 💟 💜 💛 💚 💙,œ∑´®†¥¨ˆøπ“‘,false
456,1/0,null,1E+02,true
457,',1E2,,false
458,() { _; } >_[$($())] { touch /tmp/blns.shellshock2.fail; },ÅÍÎÏ˝ÓÔÒÚÆ☃,𠜎𠜱𠝹𠱓𠱸𠲖𠳏,false
459,0.00,̗̺͖̹̯͓Ṯ̤͍̥͇͈h̲́e͏͓̼̗̙̼̣͔ ͇̜̱̠͓͍ͅN͕͠e̗̱z̘̝̜̺͙p̤̺̹͍̯͚e̠̻̠͜r̨̤͍̺̖͔̖̖d̠̟̭̬̝͟i̦͖̩͓͔̤a̠̗̬͉̙n͚͜ ̻̞̰͚ͅh̵͉i̳̞v̢͇ḙ͎͟-҉̭̩̼͔m̤̭̫i͕͇̝̦n̗͙ḍ̟ ̯̲͕͞ǫ̟̯̰̲͙̻̝f ̪̰̰̗̖̭̘͘c̦͍̲̞͍̩̙ḥ͚a̮͎̟̙͜ơ̩̹͎s̤.̝̝ ҉Z̡̖̜͖̰̣͉̜a͖̰͙̬͡l̲̫̳͍̩g̡̟̼̱͚̞̬ͅo̗͜.̟,nil,false
460,() { 0; }; touch /tmp/blns.shellshock1.fail;,̦H̬̤̗̤͝e͜ ̜̥̝̻͍̟́w̕h̖̯͓o̝͙̖͎̱̮ ҉̺̙̞̟͈W̷̼̭a̺̪͍į͈͕̭͙̯̜t̶̼̮s̘͙͖̕ ̠̫̠B̻͍͙͉̳ͅe̵h̵̬͇̫͙i̹͓̳̳̮͎̫̕n͟d̴̪̜̖ ̰͉̩͇͙̲͞ͅT͖̼͓̪͢h͏͓̮̻e̬̝̟ͅ ̤̹̝W͙̞̝͔͇͝ͅa͏͓͔̹̼̣l̴͔̰̤̟͔ḽ̫.͕,-1E02,false
461,​,␡,999999999999999999999999999999999999999999999999999999999999999999999999999999999999999999999999,false
462,😍,",./;'[]\-=",-1,false
463,❤️ 💔 💌 💕 💞 💓 💗 💖 💘 💝 💟 💜 💛 💚 💙,1;DROP TABLE users,test⁠test‫,true
464,"<>?:""{}|_+",1E2,NULL,false
465,-1E02,"""",🚾 🆒 🆓 🆕 🆖 🆗 🆙 🏧,false
466,田中さんにあげて下さい,-1.00,田中さんにあげて下さい,false
467,⁰⁴⁵₀₁₂,﻿,˙ɐnbᴉlɐ ɐuƃɐɯ ǝɹolop ʇǝ ǝɹoqɐl ʇn ʇunpᴉpᴉɔuᴉ ɹodɯǝʇ poɯsnᴉǝ op pǝs 'ʇᴉlǝ ƃuᴉɔsᴉdᴉpɐ ɹnʇǝʇɔǝsuoɔ 'ʇǝɯɐ ʇᴉs ɹolop ɯnsdᴉ ɯǝɹo˥,false
468,999999999999999999999999999999999999999999999999999999999999999999999999999999999999999999999999,​,울란바토르,true
469,/dev/null; touch /tmp/blns.fail ; echo,1E2,⁰⁴⁵₀₁₂,false
470,!@#$%^&*(),❤️ 💔 💌 💕 💞 💓 💗 💖 💘 💝 💟 💜 💛 💚 💙,0️⃣ 1️⃣ 2️⃣ 3️⃣ 4️⃣ 5️⃣ 6️⃣ 7️⃣ 8️⃣ 9️⃣ 🔟,false
471,"""""","__ﾛ(,_,*)",Z̮̞̠͙͔ͅḀ̗̞͈̻̗Ḷ͙͎̯̹̞͓G̻O̭̗̮,false
472,👾 🙇 💁 🙅 🙆 🙋 🙎 🙍 ,ﾟ･✿ヾ╲(｡◕‿◕｡)╱✿･ﾟ, test ,true
473,␢,❤️ 💔 💌 💕 💞 💓 💗 💖 💘 💝 💟 💜 💛 💚 💙,١٢٣,true
474,-1.00,-1E+02,",./;'[]\-=",false
475,울란바토르,1E02,-1E+02,false
476,和製漢語,​,᠎,false
477,nil,../../../../../../../../../../../etc/hosts,"__ﾛ(,_,*)",true
478,"""'""'""''''""",🚾 🆒 🆓 🆕 🆖 🆗 🆙 🏧,(｡◕ ∀ ◕｡),true
479,!@#$%^&*(),₀₁₂,1,true
480,和製漢語,",./;'[]\-=",(╯°□°）╯︵ ┻━┻)  ,false
481,test⁠test‫,̦H̬̤̗̤͝e͜ ̜̥̝̻͍̟́w̕h̖̯͓o̝͙̖͎̱̮ ҉̺̙̞̟͈W̷̼̭a̺̪͍į͈͕̭͙̯̜t̶̼̮s̘͙͖̕ ̠̫̠B̻͍͙͉̳ͅe̵h̵̬͇̫͙i̹͓̳̳̮͎̫̕n͟d̴̪̜̖ ̰͉̩͇͙̲͞ͅT͖̼͓̪͢h͏͓̮̻e̬̝̟ͅ ̤̹̝W͙̞̝͔͇͝ͅa͏͓͔̹̼̣l̴͔̰̤̟͔ḽ̫.͕,"ثم نفس سقطت وبالتحديد،, جزيرتي باستخدام أن دنو. إذ هنا؟ الستار وتنصيب كان. أهّل ايطاليا، بريطانيا-فرنسا قد أخذ. سليمان، إتفاقية بين ما, يذكر الحدود أي بعد, معاملة بولندا، الإطلاق عل إيو.",true
482,<script>alert('hi')</script>,​,␢,true
483,・(￣∀￣)・:*:,<img src=x onerror=alert('hi') />,../../../../../../../../../../../etc/passwd%00,false
484,⁰⁴⁵,1/2,-$1.00,false
485,1/0,␣,999999999999999999999999999999999999999999999999999999999999999999999999999999999999999999999999,false
486,() { 0; }; touch /tmp/blns.shellshock1.fail;,␣,﻿,false
487,$1.00,👩🏽,0️⃣ 1️⃣ 2️⃣ 3️⃣ 4️⃣ 5️⃣ 6️⃣ 7️⃣ 8️⃣ 9️⃣ 🔟,true
488,<svg><script>0<1>alert('XSS')</script>,😍,１２３,true
489,部落格,$1.00,ヽ༼ຈل͜ຈ༽ﾉ ヽ༼ຈل͜ຈ༽ﾉ ,false
490,｀ｨ(´∀｀∩,1;DROP TABLE users,​,true
491,1;DROP TABLE users,ヽ༼ຈل͜ຈ༽ﾉ ヽ༼ຈل͜ຈ༽ﾉ ,✋🏿 💪🏿 👐🏿 🙌🏿 👏🏿 🙏🏿,false
492,"בְּרֵאשִׁית, בָּרָא אֱלֹהִים, אֵת הַשָּׁמַיִם, וְאֵת הָאָרֶץ",/dev/null; touch /tmp/blns.fail ; echo,-1E+02,false
493,() { _; } >_[$($())] { touch /tmp/blns.shellshock2.fail; },00˙Ɩ$-,"בְּרֵאשִׁית, בָּרָא אֱלֹהִים, אֵת הַשָּׁמַיִם, וְאֵת הָאָרֶץ",false
494,() { 0; }; touch /tmp/blns.shellshock1.fail;,(ﾉಥ益ಥ）ﾉ﻿ ┻━┻,사회과학원 어학연구소,false
495,<svg><script>0<1>alert('XSS')</script>,˙ɐnbᴉlɐ ɐuƃɐɯ ǝɹolop ʇǝ ǝɹoqɐl ʇn ʇunpᴉpᴉɔuᴉ ɹodɯǝʇ poɯsnᴉǝ op pǝs 'ʇᴉlǝ ƃuᴉɔsᴉdᴉpɐ ɹnʇǝʇɔǝsuoɔ 'ʇǝɯɐ ʇᴉs ɹolop ɯnsdᴉ ɯǝɹo˥,̡͓̞ͅI̗̘̦͝n͇͇͙v̮̫ok̲̫̙͈i̖͙̭̹̠̞n̡̻̮̣̺g̲͈͙̭͙̬͎ ̰t͔̦h̞̲e̢̤ ͍̬̲͖f̴̘͕̣è͖ẹ̥̩l͖͔͚i͓͚̦͠n͖͍̗͓̳̮g͍ ̨o͚̪͡f̘̣̬ ̖̘͖̟͙̮c҉͔̫͖͓͇͖ͅh̵̤̣͚͔á̗̼͕ͅo̼̣̥s̱͈̺̖̦̻͢.̛̖̞̠̫̰,true
496,和製漢語,"<>?:""{}|_+",1'; DROP TABLE users--,true
497,⁦test⁧,​,-1E02,true
498,','',!@#$%^&*(),false
499,社會科學院語學研究所,"'""'",⁰⁴⁵₀₁₂,true
500,﻿,"__ﾛ(,_,*)",和製漢語,false
501,',NIL,₀₁₂,false
502,⁦test⁧,　,‪‪test‪,true
503,999999999999999999999999999999999999999999999999999999999999999999999999999999999999999999999999,0️⃣ 1️⃣ 2️⃣ 3️⃣ 4️⃣ 5️⃣ 6️⃣ 7️⃣ 8️⃣ 9️⃣ 🔟,˙ɐnbᴉlɐ ɐuƃɐɯ ǝɹolop ʇǝ ǝɹoqɐl ʇn ʇunpᴉpᴉɔuᴉ ɹodɯǝʇ poɯsnᴉǝ op pǝs 'ʇᴉlǝ ƃuᴉɔsᴉdᴉpɐ ɹnʇǝʇɔǝsuoɔ 'ʇǝɯɐ ʇᴉs ɹolop ɯnsdᴉ ɯǝɹo˥,false
504,・(￣∀￣)・:*:,1/2,1/2,true
505,',-1E2,​,false
506,␣,"<>?:""{}|_+",0/0,true
507,١٢٣,() { _; } >_[$($())] { touch /tmp/blns.shellshock2.fail; },울란바토르,true
508,울란바토르,0️⃣ 1️⃣ 2️⃣ 3️⃣ 4️⃣ 5️⃣ 6️⃣ 7️⃣ 8️⃣ 9️⃣ 🔟,(ﾉಥ益ಥ）ﾉ﻿ ┻━┻,false
509,˙ɐnbᴉlɐ ɐuƃɐɯ ǝɹolop ʇǝ ǝɹoqɐl ʇn ʇunpᴉpᴉɔuᴉ ɹodɯǝʇ poɯsnᴉǝ op pǝs 'ʇᴉlǝ ƃuᴉɔsᴉdᴉpɐ ɹnʇǝʇɔǝsuoɔ 'ʇǝɯɐ ʇᴉs ɹolop ɯnsdᴉ ɯǝɹo˥,<svg><script>0<1>alert('XSS')</script>,0️⃣ 1️⃣ 2️⃣ 3️⃣ 4️⃣ 5️⃣ 6️⃣ 7️⃣ 8️⃣ 9️⃣ 🔟,false
510,"""''''""'""",울란바토르,-1.00,false
511,<img src=x onerror=alert('hi') />,'',<script>alert('hi')</script>,false
512,0.00,"בְּרֵאשִׁית, בָּרָא אֱלֹהִים, אֵת הַשָּׁמַיִם, וְאֵת הָאָרֶץ",ﾟ･✿ヾ╲(｡◕‿◕｡)╱✿･ﾟ,true
513,1,⁰⁴⁵,Ω≈ç√∫˜µ≤≥÷,false
514,⁰⁴⁵₀₁₂, test ,,false
515,(ﾉಥ益ಥ）ﾉ﻿ ┻━┻,사회과학원 어학연구소,-1,true
516,Ṱ̺̺̕o͞ ̷i̲̬͇̪͙n̝̗͕v̟̜̘̦͟o̶̙̰̠kè͚̮̺̪̹̱̤ ̖t̝͕̳̣̻̪͞h̼͓̲̦̳̘̲e͇̣̰̦̬͎ ̢̼̻̱̘h͚͎͙̜̣̲ͅi̦̲̣̰̤v̻͍e̺̭̳̪̰-m̢iͅn̖̺̞̲̯̰d̵̼̟͙̩̼̘̳ ̞̥̱̳̭r̛̗̘e͙p͠r̼̞̻̭̗e̺̠̣͟s̘͇̳͍̝͉e͉̥̯̞̲͚̬͜ǹ̬͎͎̟̖͇̤t͍̬̤͓̼̭͘ͅi̪̱n͠g̴͉ ͏͉ͅc̬̟h͡a̫̻̯͘o̫̟̖͍̙̝͉s̗̦̲.̨̹͈̣,Ω≈ç√∫˜µ≤≥÷,test⁠test‫,true
517,⁰⁴⁵₀₁₂,١٢٣,¸˛Ç◊ı˜Â¯˘¿,true
518,⁰⁴⁵,"__ﾛ(,_,*)",✋🏿 💪🏿 👐🏿 🙌🏿 👏🏿 🙏🏿,false
519,ﾟ･✿ヾ╲(｡◕‿◕｡)╱✿･ﾟ,"בְּרֵאשִׁית, בָּרָא אֱלֹהִים, אֵת הַשָּׁמַיִם, וְאֵת הָאָרֶץ",1'; DROP TABLE users--,true
520,<img src=x onerror=alert('hi') />,ヽ༼ຈل͜ຈ༽ﾉ ヽ༼ຈل͜ຈ༽ﾉ ,​,false
521,❤️ 💔 💌 💕 💞 💓 💗 💖 💘 💝 💟 💜 💛 💚 💙,１２３,',false
522,␣,👩🏽,🚾 🆒 🆓 🆕 🆖 🆗 🆙 🏧,true
523,̦H̬̤̗̤͝e͜ ̜̥̝̻͍̟́w̕h̖̯͓o̝͙̖͎̱̮ ҉̺̙̞̟͈W̷̼̭a̺̪͍į͈͕̭͙̯̜t̶̼̮s̘͙͖̕ ̠̫̠B̻͍͙͉̳ͅe̵h̵̬͇̫͙i̹͓̳̳̮͎̫̕n͟d̴̪̜̖ ̰͉̩͇͙̲͞ͅT͖̼͓̪͢h͏͓̮̻e̬̝̟ͅ ̤̹̝W͙̞̝͔͇͝ͅa͏͓͔̹̼̣l̴͔̰̤̟͔ḽ̫.͕,1E+02,$1.00,true
524,"""",‫test‫,🐵 🙈 🙉 🙊,false
525,"<>?:""{}|_+","""'""'""''''""",١٢٣,true
526,1,<svg><script>0<1>alert('XSS')</script>,‪‪test‪,true
527,999999999999999999999999999999999999999999999999999999999999999999999999999999999999999999999999,١٢٣,1,true
528,"<>?:""{}|_+","""'""'""''''""",0️⃣ 1️⃣ 2️⃣ 3️⃣ 4️⃣ 5️⃣ 6️⃣ 7️⃣ 8️⃣ 9️⃣ 🔟,true
529,-1,(╯°□°）╯︵ ┻━┻)  ,"""",false
530,",。・:*:・゜’( ☻ ω ☻ )。・:*:・゜’",1.00,-$1.00,true
531,00˙Ɩ$-,社會科學院語學研究所,␢,false
532,̦H̬̤̗̤͝e͜ ̜̥̝̻͍̟́w̕h̖̯͓o̝͙̖͎̱̮ ҉̺̙̞̟͈W̷̼̭a̺̪͍į͈͕̭͙̯̜t̶̼̮s̘͙͖̕ ̠̫̠B̻͍͙͉̳ͅe̵h̵̬͇̫͙i̹͓̳̳̮͎̫̕n͟d̴̪̜̖ ̰͉̩͇͙̲͞ͅT͖̼͓̪͢h͏͓̮̻e̬̝̟ͅ ̤̹̝W͙̞̝͔͇͝ͅa͏͓͔̹̼̣l̴͔̰̤̟͔ḽ̫.͕,1.00,Ω≈ç√∫˜µ≤≥÷,true
533,¡™£¢∞§¶•ªº–≠,⁰⁴⁵₀₁₂,NIL,true
534,"__ﾛ(,_,*)",👩🏽,",。・:*:・゜’( ☻ ω ☻ )。・:*:・゜’",false
535,社會科學院語學研究所,-1E02,-1/2,false
536,｀ｨ(´∀｀∩,᠎,ヽ༼ຈل͜ຈ༽ﾉ ヽ༼ຈل͜ຈ༽ﾉ ,true
537,test⁠test‫,åß∂ƒ©˙∆˚¬…æ,ヽ༼ຈل͜ຈ༽ﾉ ヽ༼ຈل͜ຈ༽ﾉ ,false
538,田中さんにあげて下さい,ヽ༼ຈل͜ຈ༽ﾉ ヽ༼ຈل͜ຈ༽ﾉ ,1'; DROP TABLE users--,false
539,<img src=x onerror=alert('hi') />,"__ﾛ(,_,*)",˙ɐnbᴉlɐ ɐuƃɐɯ ǝɹolop ʇǝ ǝɹoqɐl ʇn ʇunpᴉpᴉɔuᴉ ɹodɯǝʇ poɯsnᴉǝ op pǝs 'ʇᴉlǝ ƃuᴉɔsᴉdᴉpɐ ɹnʇǝʇɔǝsuoɔ 'ʇǝɯɐ ʇᴉs ɹolop ɯnsdᴉ ɯǝɹo˥,true
540,-1E2,nil,`⁄€‹›ﬁﬂ‡°·‚—±,false
541,1,<script>alert('hi')</script>,(╯°□°）╯︵ ┻━┻)  ,false
542,<script>alert('hi')</script>,"__ﾛ(,_,*)",᠎,true
543,(ﾉಥ益ಥ）ﾉ﻿ ┻━┻,・(￣∀￣)・:*:,"ثم نفس سقطت وبالتحديد،, جزيرتي باستخدام أن دنو. إذ هنا؟ الستار وتنصيب كان. أهّل ايطاليا، بريطانيا-فرنسا قد أخذ. سليمان، إتفاقية بين ما, يذكر الحدود أي بعد, معاملة بولندا، الإطلاق عل إيو.",true
544,˙ɐnbᴉlɐ ɐuƃɐɯ ǝɹolop ʇǝ ǝɹoqɐl ʇn ʇunpᴉpᴉɔuᴉ ɹodɯǝʇ poɯsnᴉǝ op pǝs 'ʇᴉlǝ ƃuᴉɔsᴉdᴉpɐ ɹnʇǝʇɔǝsuoɔ 'ʇǝɯɐ ʇᴉs ɹolop ɯnsdᴉ ɯǝɹo˥,パーティーへ行かないか,../../../../../../../../../../../etc/hosts,false
545,../../../../../../../../../../../etc/hosts,åß∂ƒ©˙∆˚¬…æ,˙ɐnbᴉlɐ ɐuƃɐɯ ǝɹolop ʇǝ ǝɹoqɐl ʇn ʇunpᴉpᴉɔuᴉ ɹodɯǝʇ poɯsnᴉǝ op pǝs 'ʇᴉlǝ ƃuᴉɔsᴉdᴉpɐ ɹnʇǝʇɔǝsuoɔ 'ʇǝɯɐ ʇᴉs ɹolop ɯnsdᴉ ɯǝɹo˥,true
546,-1.00,(｡◕ ∀ ◕｡),$1.00,false
547,̡͓̞ͅI̗̘̦͝n͇͇͙v̮̫ok̲̫̙͈i̖͙̭̹̠̞n̡̻̮̣̺g̲͈͙̭͙̬͎ ̰t͔̦h̞̲e̢̤ ͍̬̲͖f̴̘͕̣è͖ẹ̥̩l͖͔͚i͓͚̦͠n͖͍̗͓̳̮g͍ ̨o͚̪͡f̘̣̬ ̖̘͖̟͙̮c҉͔̫͖͓͇͖ͅh̵̤̣͚͔á̗̼͕ͅo̼̣̥s̱͈̺̖̦̻͢.̛̖̞̠̫̰,הָיְתָהtestالصفحات التّحول,和製漢語,false
548,・(￣∀￣)・:*:,œ∑´®†¥¨ˆøπ“‘,部落格,false
549,"__ﾛ(,_,*)",　,nil,true
550,"<>?:""{}|_+",1E02,() { _; } >_[$($())] { touch /tmp/blns.shellshock2.fail; },false
551,$1.00,1E2,NIL,true
552,⁰⁴⁵,😍,Ω≈ç√∫˜µ≤≥÷,true
553,"__ﾛ(,_,*)",1E+02,-1E2,false
554,"__ﾛ(,_,*)",1.00,␢,true
555,"__ﾛ(,_,*)",!@#$%^&*(),｀ｨ(´∀｀∩,true
556,␢,NULL,1,false
557,̡͓̞ͅI̗̘̦͝n͇͇͙v̮̫ok̲̫̙͈i̖͙̭̹̠̞n̡̻̮̣̺g̲͈͙̭͙̬͎ ̰t͔̦h̞̲e̢̤ ͍̬̲͖f̴̘͕̣è͖ẹ̥̩l͖͔͚i͓͚̦͠n͖͍̗͓̳̮g͍ ̨o͚̪͡f̘̣̬ ̖̘͖̟͙̮c҉͔̫͖͓͇͖ͅh̵̤̣͚͔á̗̼͕ͅo̼̣̥s̱͈̺̖̦̻͢.̛̖̞̠̫̰,"בְּרֵאשִׁית, בָּרָא אֱלֹהִים, אֵת הַשָּׁמַיִם, וְאֵת הָאָרֶץ",・(￣∀￣)・:*:,false
558,・(￣∀￣)・:*:,<img src=x onerror=alert('hi') />,ÅÍÎÏ˝ÓÔÒÚÆ☃,false
559,null,,"""",false
560,(｡◕ ∀ ◕｡),⁦test⁧,Œ„´‰ˇÁ¨ˆØ∏”’,false
561,Œ„´‰ˇÁ¨ˆØ∏”’,‪‪test‪,␡,false
562,"ثم نفس سقطت وبالتحديد،, جزيرتي باستخدام أن دنو. إذ هنا؟ الستار وتنصيب كان. أهّل ايطاليا، بريطانيا-فرنسا قد أخذ. سليمان، إتفاقية بين ما, يذكر الحدود أي بعد, معاملة بولندا، الإطلاق عل إيو.",🐵 🙈 🙉 🙊,﻿,true
563,˙ɐnbᴉlɐ ɐuƃɐɯ ǝɹolop ʇǝ ǝɹoqɐl ʇn ʇunpᴉpᴉɔuᴉ ɹodɯǝʇ poɯsnᴉǝ op pǝs 'ʇᴉlǝ ƃuᴉɔsᴉdᴉpɐ ɹnʇǝʇɔǝsuoɔ 'ʇǝɯɐ ʇᴉs ɹolop ɯnsdᴉ ɯǝɹo˥,¡™£¢∞§¶•ªº–≠,﻿,false
564,ÅÍÎÏ˝ÓÔÒÚÆ☃,åß∂ƒ©˙∆˚¬…æ,",./;'[]\-=",true
565,⁦test⁧,社會科學院語學研究所,1E02,false
566,'',｀ｨ(´∀｀∩,(｡◕ ∀ ◕｡),false
567,사회과학원 어학연구소,NIL,⁰⁴⁵,true
568,パーティーへ行かないか,00˙Ɩ$-,"ثم نفس سقطت وبالتحديد،, جزيرتي باستخدام أن دنو. إذ هنا؟ الستار وتنصيب كان. أهّل ايطاليا، بريطانيا-فرنسا قد أخذ. سليمان، إتفاقية بين ما, يذكر الحدود أي بعد, معاملة بولندا، الإطلاق عل إيو.",true
569,-1.00,Ṱ̺̺̕o͞ ̷i̲̬͇̪͙n̝̗͕v̟̜̘̦͟o̶̙̰̠kè͚̮̺̪̹̱̤ ̖t̝͕̳̣̻̪͞h̼͓̲̦̳̘̲e͇̣̰̦̬͎ ̢̼̻̱̘h͚͎͙̜̣̲ͅi̦̲̣̰̤v̻͍e̺̭̳̪̰-m̢iͅn̖̺̞̲̯̰d̵̼̟͙̩̼̘̳ ̞̥̱̳̭r̛̗̘e͙p͠r̼̞̻̭̗e̺̠̣͟s̘͇̳͍̝͉e͉̥̯̞̲͚̬͜ǹ̬͎͎̟̖͇̤t͍̬̤͓̼̭͘ͅi̪̱n͠g̴͉ ͏͉ͅc̬̟h͡a̫̻̯͘o̫̟̖͍̙̝͉s̗̦̲.̨̹͈̣,｀ｨ(´∀｀∩,false
570,999999999999999999999999999999999999999999999999999999999999999999999999999999999999999999999999,'',社會科學院語學研究所,true
571,"__ﾛ(,_,*)",0.00,1E+02,false
572,<svg><script>0<1>alert('XSS')</script>,00˙Ɩ$-,¸˛Ç◊ı˜Â¯˘¿,true
573,'',הָיְתָהtestالصفحات التّحول,הָיְתָהtestالصفحات التّحول,false
574,NIL,"""''''""'""",田中さんにあげて下さい,false
575,NULL,"""",Œ„´‰ˇÁ¨ˆØ∏”’,true
576,␣,˙ɐnbᴉlɐ ɐuƃɐɯ ǝɹolop ʇǝ ǝɹoqɐl ʇn ʇunpᴉpᴉɔuᴉ ɹodɯǝʇ poɯsnᴉǝ op pǝs 'ʇᴉlǝ ƃuᴉɔsᴉdᴉpɐ ɹnʇǝʇɔǝsuoɔ 'ʇǝɯɐ ʇᴉs ɹolop ɯnsdᴉ ɯǝɹo˥,1/2,false
577,Ṱ̺̺̕o͞ ̷i̲̬͇̪͙n̝̗͕v̟̜̘̦͟o̶̙̰̠kè͚̮̺̪̹̱̤ ̖t̝͕̳̣̻̪͞h̼͓̲̦̳̘̲e͇̣̰̦̬͎ ̢̼̻̱̘h͚͎͙̜̣̲ͅi̦̲̣̰̤v̻͍e̺̭̳̪̰-m̢iͅn̖̺̞̲̯̰d̵̼̟͙̩̼̘̳ ̞̥̱̳̭r̛̗̘e͙p͠r̼̞̻̭̗e̺̠̣͟s̘͇̳͍̝͉e͉̥̯̞̲͚̬͜ǹ̬͎͎̟̖͇̤t͍̬̤͓̼̭͘ͅi̪̱n͠g̴͉ ͏͉ͅc̬̟h͡a̫̻̯͘o̫̟̖͍̙̝͉s̗̦̲.̨̹͈̣,👩🏽,​,true
578,0/0,!@#$%^&*(),'',false
579,울란바토르,"""""",👾 🙇 💁 🙅 🙆 🙋 🙎 🙍 ,false
580,1E+02,👾 🙇 💁 🙅 🙆 🙋 🙎 🙍 ,1E02,true
581,"__ﾛ(,_,*)",1'; DROP TABLE users--,-$1.00,false
582,̦H̬̤̗̤͝e͜ ̜̥̝̻͍̟́w̕h̖̯͓o̝͙̖͎̱̮ ҉̺̙̞̟͈W̷̼̭a̺̪͍į͈͕̭͙̯̜t̶̼̮s̘͙͖̕ ̠̫̠B̻͍͙͉̳ͅe̵h̵̬͇̫͙i̹͓̳̳̮͎̫̕n͟d̴̪̜̖ ̰͉̩͇͙̲͞ͅT͖̼͓̪͢h͏͓̮̻e̬̝̟ͅ ̤̹̝W͙̞̝͔͇͝ͅa͏͓͔̹̼̣l̴͔̰̤̟͔ḽ̫.͕,̦H̬̤̗̤͝e͜ ̜̥̝̻͍̟́w̕h̖̯͓o̝͙̖͎̱̮ ҉̺̙̞̟͈W̷̼̭a̺̪͍į͈͕̭͙̯̜t̶̼̮s̘͙͖̕ ̠̫̠B̻͍͙͉̳ͅe̵h̵̬͇̫͙i̹͓̳̳̮͎̫̕n͟d̴̪̜̖ ̰͉̩͇͙̲͞ͅT͖̼͓̪͢h͏͓̮̻e̬̝̟ͅ ̤̹̝W͙̞̝͔͇͝ͅa͏͓͔̹̼̣l̴͔̰̤̟͔ḽ̫.͕,(ﾉಥ益ಥ）ﾉ﻿ ┻━┻,true
583,̡͓̞ͅI̗̘̦͝n͇͇͙v̮̫ok̲̫̙͈i̖͙̭̹̠̞n̡̻̮̣̺g̲͈͙̭͙̬͎ ̰t͔̦h̞̲e̢̤ ͍̬̲͖f̴̘͕̣è͖ẹ̥̩l͖͔͚i͓͚̦͠n͖͍̗͓̳̮g͍ ̨o͚̪͡f̘̣̬ ̖̘͖̟͙̮c҉͔̫͖͓͇͖ͅh̵̤̣͚͔á̗̼͕ͅo̼̣̥s̱͈̺̖̦̻͢.̛̖̞̠̫̰,̗̺͖̹̯͓Ṯ̤͍̥͇͈h̲́e͏͓̼̗̙̼̣͔ ͇̜̱̠͓͍ͅN͕͠e̗̱z̘̝̜̺͙p̤̺̹͍̯͚e̠̻̠͜r̨̤͍̺̖͔̖̖d̠̟̭̬̝͟i̦͖̩͓͔̤a̠̗̬͉̙n͚͜ ̻̞̰͚ͅh̵͉i̳̞v̢͇ḙ͎͟-҉̭̩̼͔m̤̭̫i͕͇̝̦n̗͙ḍ̟ ̯̲͕͞ǫ̟̯̰̲͙̻̝f ̪̰̰̗̖̭̘͘c̦͍̲̞͍̩̙ḥ͚a̮͎̟̙͜ơ̩̹͎s̤.̝̝ ҉Z̡̖̜͖̰̣͉̜a͖̰͙̬͡l̲̫̳͍̩g̡̟̼̱͚̞̬ͅo̗͜.̟,部落格,true
584,ﾟ･✿ヾ╲(｡◕‿◕｡)╱✿･ﾟ, ,-1E+02,false
585,() { 0; }; touch /tmp/blns.shellshock1.fail;,‪‪test‪,1,false
586,"__ﾛ(,_,*)",᠎,0️⃣ 1️⃣ 2️⃣ 3️⃣ 4️⃣ 5️⃣ 6️⃣ 7️⃣ 8️⃣ 9️⃣ 🔟,true
587,‪‪test‪,0️⃣ 1️⃣ 2️⃣ 3️⃣ 4️⃣ 5️⃣ 6️⃣ 7️⃣ 8️⃣ 9️⃣ 🔟,社會科學院語學研究所,false
588,和製漢語,-1,(｡◕ ∀ ◕｡),false
589,-1,../../../../../../../../../../../etc/passwd%00,-1E+02,false
590,"בְּרֵאשִׁית, בָּרָא אֱלֹהִים, אֵת הַשָּׁמַיִם, וְאֵת הָאָרֶץ",¡™£¢∞§¶•ªº–≠,-1E2,true
591,울란바토르,-1E2,nil,false
592,1,　,🐵 🙈 🙉 🙊,true
593,"""'""'""''''""",﻿,¸˛Ç◊ı˜Â¯˘¿,false
594,åß∂ƒ©˙∆˚¬…æ,​,-1E02,true
595,̗̺͖̹̯͓Ṯ̤͍̥͇͈h̲́e͏͓̼̗̙̼̣͔ ͇̜̱̠͓͍ͅN͕͠e̗̱z̘̝̜̺͙p̤̺̹͍̯͚e̠̻̠͜r̨̤͍̺̖͔̖̖d̠̟̭̬̝͟i̦͖̩͓͔̤a̠̗̬͉̙n͚͜ ̻̞̰͚ͅh̵͉i̳̞v̢͇ḙ͎͟-҉̭̩̼͔m̤̭̫i͕͇̝̦n̗͙ḍ̟ ̯̲͕͞ǫ̟̯̰̲͙̻̝f ̪̰̰̗̖̭̘͘c̦͍̲̞͍̩̙ḥ͚a̮͎̟̙͜ơ̩̹͎s̤.̝̝ ҉Z̡̖̜͖̰̣͉̜a͖̰͙̬͡l̲̫̳͍̩g̡̟̼̱͚̞̬ͅo̗͜.̟,NULL,1/0,false
596, test ,␢,(╯°□°）╯︵ ┻━┻)  ,false
597,🚾 🆒 🆓 🆕 🆖 🆗 🆙 🏧,(╯°□°）╯︵ ┻━┻)  ,åß∂ƒ©˙∆˚¬…æ,true
598,␢,"<>?:""{}|_+",,false
599,../../../../../../../../../../../etc/hosts,‫test‫,../../../../../../../../../../../etc/hosts,true
600,-1/2,-1E02,"""""",false
601,NIL,̦H̬̤̗̤͝e͜ ̜̥̝̻͍̟́w̕h̖̯͓o̝͙̖͎̱̮ ҉̺̙̞̟͈W̷̼̭a̺̪͍į͈͕̭͙̯̜t̶̼̮s̘͙͖̕ ̠̫̠B̻͍͙͉̳ͅe̵h̵̬͇̫͙i̹͓̳̳̮͎̫̕n͟d̴̪̜̖ ̰͉̩͇͙̲͞ͅT͖̼͓̪͢h͏͓̮̻e̬̝̟ͅ ̤̹̝W͙̞̝͔͇͝ͅa͏͓͔̹̼̣l̴͔̰̤̟͔ḽ̫.͕,",。・:*:・゜’( ☻ ω ☻ )。・:*:・゜’",false
602,-1E02,␣,˙ɐnbᴉlɐ ɐuƃɐɯ ǝɹolop ʇǝ ǝɹoqɐl ʇn ʇunpᴉpᴉɔuᴉ ɹodɯǝʇ poɯsnᴉǝ op pǝs 'ʇᴉlǝ ƃuᴉɔsᴉdᴉpɐ ɹnʇǝʇɔǝsuoɔ 'ʇǝɯɐ ʇᴉs ɹolop ɯnsdᴉ ɯǝɹo˥,true
603,-$1.00,Œ„´‰ˇÁ¨ˆØ∏”’,⁰⁴⁵₀₁₂,false
604,1E2,<img src=x onerror=alert('hi') />,(╯°□°）╯︵ ┻━┻)  ,false
605,"""'""'""''''""",̦H̬̤̗̤͝e͜ ̜̥̝̻͍̟́w̕h̖̯͓o̝͙̖͎̱̮ ҉̺̙̞̟͈W̷̼̭a̺̪͍į͈͕̭͙̯̜t̶̼̮s̘͙͖̕ ̠̫̠B̻͍͙͉̳ͅe̵h̵̬͇̫͙i̹͓̳̳̮͎̫̕n͟d̴̪̜̖ ̰͉̩͇͙̲͞ͅT͖̼͓̪͢h͏͓̮̻e̬̝̟ͅ ̤̹̝W͙̞̝͔͇͝ͅa͏͓͔̹̼̣l̴͔̰̤̟͔ḽ̫.͕,Œ„´‰ˇÁ¨ˆØ∏”’,true
606,˙ɐnbᴉlɐ ɐuƃɐɯ ǝɹolop ʇǝ ǝɹoqɐl ʇn ʇunpᴉpᴉɔuᴉ ɹodɯǝʇ poɯsnᴉǝ op pǝs 'ʇᴉlǝ ƃuᴉɔsᴉdᴉpɐ ɹnʇǝʇɔǝsuoɔ 'ʇǝɯɐ ʇᴉs ɹolop ɯnsdᴉ ɯǝɹo˥,✋🏿 💪🏿 👐🏿 🙌🏿 👏🏿 🙏🏿,-1E02,false
607,␢,-1E+02,🚾 🆒 🆓 🆕 🆖 🆗 🆙 🏧,false
608,パーティーへ行かないか,test⁠test‫,"""''''""'""",false
609,1E02,사회과학원 어학연구소,!@#$%^&*(),true
610,사회과학원 어학연구소,0/0,åß∂ƒ©˙∆˚¬…æ,true
611,<img src=x onerror=alert('hi') />,"בְּרֵאשִׁית, בָּרָא אֱלֹהִים, אֵת הַשָּׁמַיִם, וְאֵת הָאָרֶץ",👩🏽,false
612,和製漢語,null,᠎,true
613,-$1.00,<script>alert('hi')</script>,ヽ༼ຈل͜ຈ༽ﾉ ヽ༼ຈل͜ຈ༽ﾉ ,true
614,‪‪test‪,˙ɐnbᴉlɐ ɐuƃɐɯ ǝɹolop ʇǝ ǝɹoqɐl ʇn ʇunpᴉpᴉɔuᴉ ɹodɯǝʇ poɯsnᴉǝ op pǝs 'ʇᴉlǝ ƃuᴉɔsᴉdᴉpɐ ɹnʇǝʇɔǝsuoɔ 'ʇǝɯɐ ʇᴉs ɹolop ɯnsdᴉ ɯǝɹo˥,,true
615,울란바토르,1,',true
616,👩🏽,Ω≈ç√∫˜µ≤≥÷,() { _; } >_[$($())] { touch /tmp/blns.shellshock2.fail; },false
617,‪‪test‪,$1.00,😍,true
618,<svg><script>0<1>alert('XSS')</script>,田中さんにあげて下さい,$1.00,false
619,",./;'[]\-=",1/2,⁰⁴⁵₀₁₂,false
620,✋🏿 💪🏿 👐🏿 🙌🏿 👏🏿 🙏🏿,`⁄€‹›ﬁﬂ‡°·‚—±,NULL,true
621,1.00,울란바토르,ヽ༼ຈل͜ຈ༽ﾉ ヽ༼ຈل͜ຈ༽ﾉ ,true
622,<svg><script>0<1>alert('XSS')</script>,"""""",⁰⁴⁵,true
623,👩🏽,NULL,"__ﾛ(,_,*)",true
624,　,🐵 🙈 🙉 🙊,˙ɐnbᴉlɐ ɐuƃɐɯ ǝɹolop ʇǝ ǝɹoqɐl ʇn ʇunpᴉpᴉɔuᴉ ɹodɯǝʇ poɯsnᴉǝ op pǝs 'ʇᴉlǝ ƃuᴉɔsᴉdᴉpɐ ɹnʇǝʇɔǝsuoɔ 'ʇǝɯɐ ʇᴉs ɹolop ɯnsdᴉ ɯǝɹo˥,false
625,␢,0/0,999999999999999999999999999999999999999999999999999999999999999999999999999999999999999999999999,false
626,1'; DROP TABLE users--,999999999999999999999999999999999999999999999999999999999999999999999999999999999999999999999999,⁰⁴⁵,false
627,¡™£¢∞§¶•ªº–≠,00˙Ɩ$-,̡͓̞ͅI̗̘̦͝n͇͇͙v̮̫ok̲̫̙͈i̖͙̭̹̠̞n̡̻̮̣̺g̲͈͙̭͙̬͎ ̰t͔̦h̞̲e̢̤ ͍̬̲͖f̴̘͕̣è͖ẹ̥̩l͖͔͚i͓͚̦͠n͖͍̗͓̳̮g͍ ̨o͚̪͡f̘̣̬ ̖̘͖̟͙̮c҉͔̫͖͓͇͖ͅh̵̤̣͚͔á̗̼͕ͅo̼̣̥s̱͈̺̖̦̻͢.̛̖̞̠̫̰,true
628,👾 🙇 💁 🙅 🙆 🙋 🙎 🙍 ,"<>?:""{}|_+","""""",true
629,​,1/0,❤️ 💔 💌 💕 💞 💓 💗 💖 💘 💝 💟 💜 💛 💚 💙,false
630,"""""",!@#$%^&*(),⁦test⁧,true
631,åß∂ƒ©˙∆˚¬…æ,<svg><script>0<1>alert('XSS')</script>,0/0,true
632,הָיְתָהtestالصفحات التّحول,null,‫test‫,true
633,🚾 🆒 🆓 🆕 🆖 🆗 🆙 🏧,・(￣∀￣)・:*:,"ثم نفس سقطت وبالتحديد،, جزيرتي باستخدام أن دنو. إذ هنا؟ الستار وتنصيب كان. أهّل ايطاليا، بريطانيا-فرنسا قد أخذ. سليمان، إتفاقية بين ما, يذكر الحدود أي بعد, معاملة بولندا، الإطلاق عل إيو.",false
634,⁰⁴⁵₀₁₂, test ,NIL,false
635,😍,"<>?:""{}|_+",ÅÍÎÏ˝ÓÔÒÚÆ☃,false
636,"בְּרֵאשִׁית, בָּרָא אֱלֹהִים, אֵת הַשָּׁמַיִם, וְאֵת הָאָרֶץ",<img src=x onerror=alert('hi') />,¸˛Ç◊ı˜Â¯˘¿,true
637,パーティーへ行かないか,✋🏿 💪🏿 👐🏿 🙌🏿 👏🏿 🙏🏿,"בְּרֵאשִׁית, בָּרָא אֱלֹהִים, אֵת הַשָּׁמַיִם, וְאֵת הָאָרֶץ",false
638,!@#$%^&*(),🚾 🆒 🆓 🆕 🆖 🆗 🆙 🏧,`⁄€‹›ﬁﬂ‡°·‚—±,false
639,ÅÍÎÏ˝ÓÔÒÚÆ☃,<svg><script>0<1>alert('XSS')</script>,᠎,false
640,-$1.00,部落格,'',false
641,() { 0; }; touch /tmp/blns.shellshock1.fail;,울란바토르,1E+02,true
642,,❤️ 💔 💌 💕 💞 💓 💗 💖 💘 💝 💟 💜 💛 💚 💙,🐵 🙈 🙉 🙊,false
643,⁰⁴⁵₀₁₂,﻿,１２３,true
644,울란바토르,',ﾟ･✿ヾ╲(｡◕‿◕｡)╱✿･ﾟ,true
645,999999999999999999999999999999999999999999999999999999999999999999999999999999999999999999999999,null,הָיְתָהtestالصفحات التّحول,false
646,(ﾉಥ益ಥ）ﾉ﻿ ┻━┻,<svg><script>0<1>alert('XSS')</script>,‪‪test‪,false
647,",./;'[]\-=",1E+02,ÅÍÎÏ˝ÓÔÒÚÆ☃,false
648,울란바토르,1E2,・(￣∀￣)・:*:,false
649,パーティーへ行かないか,"""'""'""''''""", ,false
650,１２３,-1E2,👾 🙇 💁 🙅 🙆 🙋 🙎 🙍 ,false
651,ﾟ･✿ヾ╲(｡◕‿◕｡)╱✿･ﾟ,() { 0; }; touch /tmp/blns.shellshock1.fail;,‫test‫,false
652,'',"'""'",1/2,true
653,⁦test⁧,部落格,᠎,false
654,"'""'",1.00,Œ„´‰ˇÁ¨ˆØ∏”’,false
655,œ∑´®†¥¨ˆøπ“‘,🚾 🆒 🆓 🆕 🆖 🆗 🆙 🏧,❤️ 💔 💌 💕 💞 💓 💗 💖 💘 💝 💟 💜 💛 💚 💙,false
656,"__ﾛ(,_,*)",𠜎𠜱𠝹𠱓𠱸𠲖𠳏,-1E+02,true
657,‪‪test‪,1E+02,1E02,false
658,₀₁₂,😍,",。・:*:・゜’( ☻ ω ☻ )。・:*:・゜’",true
659,🚾 🆒 🆓 🆕 🆖 🆗 🆙 🏧,"""'""'""''''""",00˙Ɩ$-,true
660,',᠎,¡™£¢∞§¶•ªº–≠,false
661,/dev/null; touch /tmp/blns.fail ; echo,1;DROP TABLE users,-1,true
662,ﾟ･✿ヾ╲(｡◕‿◕｡)╱✿･ﾟ,̦H̬̤̗̤͝e͜ ̜̥̝̻͍̟́w̕h̖̯͓o̝͙̖͎̱̮ ҉̺̙̞̟͈W̷̼̭a̺̪͍į͈͕̭͙̯̜t̶̼̮s̘͙͖̕ ̠̫̠B̻͍͙͉̳ͅe̵h̵̬͇̫͙i̹͓̳̳̮͎̫̕n͟d̴̪̜̖ ̰͉̩͇͙̲͞ͅT͖̼͓̪͢h͏͓̮̻e̬̝̟ͅ ̤̹̝W͙̞̝͔͇͝ͅa͏͓͔̹̼̣l̴͔̰̤̟͔ḽ̫.͕,¡™£¢∞§¶•ªº–≠,true
663,"""''''""'""",﻿,1/2,true
664,١٢٣,⁰⁴⁵,NIL,true
665,部落格,﻿,,false
666,`⁄€‹›ﬁﬂ‡°·‚—±,ÅÍÎÏ˝ÓÔÒÚÆ☃,١٢٣,true
667,울란바토르,　,<img src=x onerror=alert('hi') />,true
668,👩🏽,"""""",() { _; } >_[$($())] { touch /tmp/blns.shellshock2.fail; },true
669,`⁄€‹›ﬁﬂ‡°·‚—±,הָיְתָהtestالصفحات التّحول,NIL,true
670,../../../../../../../../../../../etc/hosts,田中さんにあげて下さい, test ,true
671,̦H̬̤̗̤͝e͜ ̜̥̝̻͍̟́w̕h̖̯͓o̝͙̖͎̱̮ ҉̺̙̞̟͈W̷̼̭a̺̪͍į͈͕̭͙̯̜t̶̼̮s̘͙͖̕ ̠̫̠B̻͍͙͉̳ͅe̵h̵̬͇̫͙i̹͓̳̳̮͎̫̕n͟d̴̪̜̖ ̰͉̩͇͙̲͞ͅT͖̼͓̪͢h͏͓̮̻e̬̝̟ͅ ̤̹̝W͙̞̝͔͇͝ͅa͏͓͔̹̼̣l̴͔̰̤̟͔ḽ̫.͕,"בְּרֵאשִׁית, בָּרָא אֱלֹהִים, אֵת הַשָּׁמַיִם, וְאֵת הָאָרֶץ",١٢٣,true
672,00˙Ɩ$-,¸˛Ç◊ı˜Â¯˘¿,`⁄€‹›ﬁﬂ‡°·‚—±,false
673,-1E2,1,¡™£¢∞§¶•ªº–≠,false
674,¡™£¢∞§¶•ªº–≠,הָיְתָהtestالصفحات التّحول,0.00,false
675,test⁠test‫,"ثم نفس سقطت وبالتحديد،, جزيرتي باستخدام أن دنو. إذ هنا؟ الستار وتنصيب كان. أهّل ايطاليا، بريطانيا-فرنسا قد أخذ. سليمان، إتفاقية بين ما, يذكر الحدود أي بعد, معاملة بولندا، الإطلاق عل إيو.",nil,false
676,",./;'[]\-=",⁦test⁧,¸˛Ç◊ı˜Â¯˘¿,false
677,ヽ༼ຈل͜ຈ༽ﾉ ヽ༼ຈل͜ຈ༽ﾉ ,١٢٣,<svg><script>0<1>alert('XSS')</script>,true
678,(｡◕ ∀ ◕｡),,"""""",true
679,̦H̬̤̗̤͝e͜ ̜̥̝̻͍̟́w̕h̖̯͓o̝͙̖͎̱̮ ҉̺̙̞̟͈W̷̼̭a̺̪͍į͈͕̭͙̯̜t̶̼̮s̘͙͖̕ ̠̫̠B̻͍͙͉̳ͅe̵h̵̬͇̫͙i̹͓̳̳̮͎̫̕n͟d̴̪̜̖ ̰͉̩͇͙̲͞ͅT͖̼͓̪͢h͏͓̮̻e̬̝̟ͅ ̤̹̝W͙̞̝͔͇͝ͅa͏͓͔̹̼̣l̴͔̰̤̟͔ḽ̫.͕,(｡◕ ∀ ◕｡),🐵 🙈 🙉 🙊,true
680,🐵 🙈 🙉 🙊,00˙Ɩ$-,🚾 🆒 🆓 🆕 🆖 🆗 🆙 🏧,true
681,部落格,¸˛Ç◊ı˜Â¯˘¿,() { 0; }; touch /tmp/blns.shellshock1.fail;,true
682,'',-1E02,﻿,false
683,œ∑´®†¥¨ˆøπ“‘,👾 🙇 💁 🙅 🙆 🙋 🙎 🙍 ,../../../../../../../../../../../etc/passwd%00,true
684,",./;'[]\-=",😍,œ∑´®†¥¨ˆøπ“‘,false
685,../../../../../../../../../../../etc/hosts,/dev/null; touch /tmp/blns.fail ; echo,test⁠test‫,true
686,00˙Ɩ$-,"ثم نفس سقطت وبالتحديد،, جزيرتي باستخدام أن دنو. إذ هنا؟ الستار وتنصيب كان. أهّل ايطاليا، بريطانيا-فرنسا قد أخذ. سليمان، إتفاقية بين ما, يذكر الحدود أي بعد, معاملة بولندا، الإطلاق عل إيو.",NIL,false
687,₀₁₂,社會科學院語學研究所,",./;'[]\-=",false
688,"""",1E2,␢,false
689,NIL,1.00,(｡◕ ∀ ◕｡),true
690,和製漢語,🚾 🆒 🆓 🆕 🆖 🆗 🆙 🏧,社會科學院語學研究所,true
691,｀ｨ(´∀｀∩,₀₁₂,(ﾉಥ益ಥ）ﾉ﻿ ┻━┻,false
692,˙ɐnbᴉlɐ ɐuƃɐɯ ǝɹolop ʇǝ ǝɹoqɐl ʇn ʇunpᴉpᴉɔuᴉ ɹodɯǝʇ poɯsnᴉǝ op pǝs 'ʇᴉlǝ ƃuᴉɔsᴉdᴉpɐ ɹnʇǝʇɔǝsuoɔ 'ʇǝɯɐ ʇᴉs ɹolop ɯnsdᴉ ɯǝɹo˥,Œ„´‰ˇÁ¨ˆØ∏”’,1,true
693,1,-1E02,1,true
694,(ﾉಥ益ಥ）ﾉ﻿ ┻━┻,!@#$%^&*(),<img src=x onerror=alert('hi') />,false
695,̦H̬̤̗̤͝e͜ ̜̥̝̻͍̟́w̕h̖̯͓o̝͙̖͎̱̮ ҉̺̙̞̟͈W̷̼̭a̺̪͍į͈͕̭͙̯̜t̶̼̮s̘͙͖̕ ̠̫̠B̻͍͙͉̳ͅe̵h̵̬͇̫͙i̹͓̳̳̮͎̫̕n͟d̴̪̜̖ ̰͉̩͇͙̲͞ͅT͖̼͓̪͢h͏͓̮̻e̬̝̟ͅ ̤̹̝W͙̞̝͔͇͝ͅa͏͓͔̹̼̣l̴͔̰̤̟͔ḽ̫.͕,‫test‫,`⁄€‹›ﬁﬂ‡°·‚—±,false
696,Ω≈ç√∫˜µ≤≥÷,(╯°□°）╯︵ ┻━┻)  ,˙ɐnbᴉlɐ ɐuƃɐɯ ǝɹolop ʇǝ ǝɹoqɐl ʇn ʇunpᴉpᴉɔuᴉ ɹodɯǝʇ poɯsnᴉǝ op pǝs 'ʇᴉlǝ ƃuᴉɔsᴉdᴉpɐ ɹnʇǝʇɔǝsuoɔ 'ʇǝɯɐ ʇᴉs ɹolop ɯnsdᴉ ɯǝɹo˥,true
697,̡͓̞ͅI̗̘̦͝n͇͇͙v̮̫ok̲̫̙͈i̖͙̭̹̠̞n̡̻̮̣̺g̲͈͙̭͙̬͎ ̰t͔̦h̞̲e̢̤ ͍̬̲͖f̴̘͕̣è͖ẹ̥̩l͖͔͚i͓͚̦͠n͖͍̗͓̳̮g͍ ̨o͚̪͡f̘̣̬ ̖̘͖̟͙̮c҉͔̫͖͓͇͖ͅh̵̤̣͚͔á̗̼͕ͅo̼̣̥s̱͈̺̖̦̻͢.̛̖̞̠̫̰,<script>alert('hi')</script>,1E2,false
698,/dev/null; touch /tmp/blns.fail ; echo,nil,❤️ 💔 💌 💕 💞 💓 💗 💖 💘 💝 💟 💜 💛 💚 💙,false
699,﻿,🚾 🆒 🆓 🆕 🆖 🆗 🆙 🏧,ÅÍÎÏ˝ÓÔÒÚÆ☃,true
700,-1.00,🚾 🆒 🆓 🆕 🆖 🆗 🆙 🏧,社會科學院語學研究所,false
701,0/0,(ﾉಥ益ಥ）ﾉ﻿ ┻━┻,(ﾉಥ益ಥ）ﾉ﻿ ┻━┻,true
702,"ثم نفس سقطت وبالتحديد،, جزيرتي باستخدام أن دنو. إذ هنا؟ الستار وتنصيب كان. أهّل ايطاليا، بريطانيا-فرنسا قد أخذ. سليمان، إتفاقية بين ما, يذكر الحدود أي بعد, معاملة بولندا، الإطلاق عل إيو.",-1E+02,1E02,false
703,␣,١٢٣,',true
704,̦H̬̤̗̤͝e͜ ̜̥̝̻͍̟́w̕h̖̯͓o̝͙̖͎̱̮ ҉̺̙̞̟͈W̷̼̭a̺̪͍į͈͕̭͙̯̜t̶̼̮s̘͙͖̕ ̠̫̠B̻͍͙͉̳ͅe̵h̵̬͇̫͙i̹͓̳̳̮͎̫̕n͟d̴̪̜̖ ̰͉̩͇͙̲͞ͅT͖̼͓̪͢h͏͓̮̻e̬̝̟ͅ ̤̹̝W͙̞̝͔͇͝ͅa͏͓͔̹̼̣l̴͔̰̤̟͔ḽ̫.͕,<img src=x onerror=alert('hi') />, test ,true
705,1'; DROP TABLE users--,𠜎𠜱𠝹𠱓𠱸𠲖𠳏,0/0,false
706,-1E02,../../../../../../../../../../../etc/passwd%00,₀₁₂,true
707,␢,₀₁₂,¸˛Ç◊ı˜Â¯˘¿,true
708,␣,',הָיְתָהtestالصفحات التّحول,false
709,1E2,‫test‫,(╯°□°）╯︵ ┻━┻)  ,false
710,"'""'",00˙Ɩ$-,"__ﾛ(,_,*)",true
711,'',(｡◕ ∀ ◕｡),1.00,false
712,/dev/null; touch /tmp/blns.fail ; echo,̡͓̞ͅI̗̘̦͝n͇͇͙v̮̫ok̲̫̙͈i̖͙̭̹̠̞n̡̻̮̣̺g̲͈͙̭͙̬͎ ̰t͔̦h̞̲e̢̤ ͍̬̲͖f̴̘͕̣è͖ẹ̥̩l͖͔͚i͓͚̦͠n͖͍̗͓̳̮g͍ ̨o͚̪͡f̘̣̬ ̖̘͖̟͙̮c҉͔̫͖͓͇͖ͅh̵̤̣͚͔á̗̼͕ͅo̼̣̥s̱͈̺̖̦̻͢.̛̖̞̠̫̰,˙ɐnbᴉlɐ ɐuƃɐɯ ǝɹolop ʇǝ ǝɹoqɐl ʇn ʇunpᴉpᴉɔuᴉ ɹodɯǝʇ poɯsnᴉǝ op pǝs 'ʇᴉlǝ ƃuᴉɔsᴉdᴉpɐ ɹnʇǝʇɔǝsuoɔ 'ʇǝɯɐ ʇᴉs ɹolop ɯnsdᴉ ɯǝɹo˥,false
713,👩🏽,-1E+02,‫test‫,false
714,1E2,・(￣∀￣)・:*:,",。・:*:・゜’( ☻ ω ☻ )。・:*:・゜’",true
715,"'""'",(ﾉಥ益ಥ）ﾉ﻿ ┻━┻,(ﾉಥ益ಥ）ﾉ﻿ ┻━┻,false
716,-1E+02,1,../../../../../../../../../../../etc/hosts,true
717, test ,̦H̬̤̗̤͝e͜ ̜̥̝̻͍̟́w̕h̖̯͓o̝͙̖͎̱̮ ҉̺̙̞̟͈W̷̼̭a̺̪͍į͈͕̭͙̯̜t̶̼̮s̘͙͖̕ ̠̫̠B̻͍͙͉̳ͅe̵h̵̬͇̫͙i̹͓̳̳̮͎̫̕n͟d̴̪̜̖ ̰͉̩͇͙̲͞ͅT͖̼͓̪͢h͏͓̮̻e̬̝̟ͅ ̤̹̝W͙̞̝͔͇͝ͅa͏͓͔̹̼̣l̴͔̰̤̟͔ḽ̫.͕,パーティーへ行かないか,false
718,1E02,₀₁₂,1,true
719,null,¸˛Ç◊ı˜Â¯˘¿,(╯°□°）╯︵ ┻━┻)  ,false
720, ,'',<script>alert('hi')</script>,true
721,"ثم نفس سقطت وبالتحديد،, جزيرتي باستخدام أن دنو. إذ هنا؟ الستار وتنصيب كان. أهّل ايطاليا، بريطانيا-فرنسا قد أخذ. سليمان، إتفاقية بين ما, يذكر الحدود أي بعد, معاملة بولندا، الإطلاق عل إيو.",̗̺͖̹̯͓Ṯ̤͍̥͇͈h̲́e͏͓̼̗̙̼̣͔ ͇̜̱̠͓͍ͅN͕͠e̗̱z̘̝̜̺͙p̤̺̹͍̯͚e̠̻̠͜r̨̤͍̺̖͔̖̖d̠̟̭̬̝͟i̦͖̩͓͔̤a̠̗̬͉̙n͚͜ ̻̞̰͚ͅh̵͉i̳̞v̢͇ḙ͎͟-҉̭̩̼͔m̤̭̫i͕͇̝̦n̗͙ḍ̟ ̯̲͕͞ǫ̟̯̰̲͙̻̝f ̪̰̰̗̖̭̘͘c̦͍̲̞͍̩̙ḥ͚a̮͎̟̙͜ơ̩̹͎s̤.̝̝ ҉Z̡̖̜͖̰̣͉̜a͖̰͙̬͡l̲̫̳͍̩g̡̟̼̱͚̞̬ͅo̗͜.̟,Œ„´‰ˇÁ¨ˆØ∏”’,true
722,NIL,!@#$%^&*(),1;DROP TABLE users,false
723,null,(╯°□°）╯︵ ┻━┻)  ,ヽ༼ຈل͜ຈ༽ﾉ ヽ༼ຈل͜ຈ༽ﾉ ,false
724,₀₁₂,() { 0; }; touch /tmp/blns.shellshock1.fail;,¸˛Ç◊ı˜Â¯˘¿,true
725,̦H̬̤̗̤͝e͜ ̜̥̝̻͍̟́w̕h̖̯͓o̝͙̖͎̱̮ ҉̺̙̞̟͈W̷̼̭a̺̪͍į͈͕̭͙̯̜t̶̼̮s̘͙͖̕ ̠̫̠B̻͍͙͉̳ͅe̵h̵̬͇̫͙i̹͓̳̳̮͎̫̕n͟d̴̪̜̖ ̰͉̩͇͙̲͞ͅT͖̼͓̪͢h͏͓̮̻e̬̝̟ͅ ̤̹̝W͙̞̝͔͇͝ͅa͏͓͔̹̼̣l̴͔̰̤̟͔ḽ̫.͕,<svg><script>0<1>alert('XSS')</script>,"'""'",true
726,🐵 🙈 🙉 🙊,"""''''""'""",˙ɐnbᴉlɐ ɐuƃɐɯ ǝɹolop ʇǝ ǝɹoqɐl ʇn ʇunpᴉpᴉɔuᴉ ɹodɯǝʇ poɯsnᴉǝ op pǝs 'ʇᴉlǝ ƃuᴉɔsᴉdᴉpɐ ɹnʇǝʇɔǝsuoɔ 'ʇǝɯɐ ʇᴉs ɹolop ɯnsdᴉ ɯǝɹo˥,true
727,() { _; } >_[$($())] { touch /tmp/blns.shellshock2.fail; },1E+02,사회과학원 어학연구소,false
728,../../../../../../../../../../../etc/passwd%00,␢, ,false
729,田中さんにあげて下さい,␢,部落格,false
730,₀₁₂,-1E+02,1,true
731,0/0,',울란바토르,true
732,̡͓̞ͅI̗̘̦͝n͇͇͙v̮̫ok̲̫̙͈i̖͙̭̹̠̞n̡̻̮̣̺g̲͈͙̭͙̬͎ ̰t͔̦h̞̲e̢̤ ͍̬̲͖f̴̘͕̣è͖ẹ̥̩l͖͔͚i͓͚̦͠n͖͍̗͓̳̮g͍ ̨o͚̪͡f̘̣̬ ̖̘͖̟͙̮c҉͔̫͖͓͇͖ͅh̵̤̣͚͔á̗̼͕ͅo̼̣̥s̱͈̺̖̦̻͢.̛̖̞̠̫̰,הָיְתָהtestالصفحات التّحول,✋🏿 💪🏿 👐🏿 🙌🏿 👏🏿 🙏🏿,true
733,1/0,0.00,(ﾉಥ益ಥ）ﾉ﻿ ┻━┻,true
734,᠎,ﾟ･✿ヾ╲(｡◕‿◕｡)╱✿･ﾟ,1'; DROP TABLE users--,true
735,Ω≈ç√∫˜µ≤≥÷,",。・:*:・゜’( ☻ ω ☻ )。・:*:・゜’",ÅÍÎÏ˝ÓÔÒÚÆ☃,true
736,0️⃣ 1️⃣ 2️⃣ 3️⃣ 4️⃣ 5️⃣ 6️⃣ 7️⃣ 8️⃣ 9️⃣ 🔟,(╯°□°）╯︵ ┻━┻)  ,␢,false
737,"'""'",😍,１２３,false
738,-1/2,"<>?:""{}|_+",",./;'[]\-=",true
739,',👾 🙇 💁 🙅 🙆 🙋 🙎 🙍 ,œ∑´®†¥¨ˆøπ“‘,true
740,｀ｨ(´∀｀∩,(ﾉಥ益ಥ）ﾉ﻿ ┻━┻,NULL,true
741,1'; DROP TABLE users--,¸˛Ç◊ı˜Â¯˘¿,ヽ༼ຈل͜ຈ༽ﾉ ヽ༼ຈل͜ຈ༽ﾉ ,true
742,␢,null,👾 🙇 💁 🙅 🙆 🙋 🙎 🙍 ,true
743,$1.00,Œ„´‰ˇÁ¨ˆØ∏”’,　,true
744,1/0,-1E+02,ﾟ･✿ヾ╲(｡◕‿◕｡)╱✿･ﾟ,false
745,¸˛Ç◊ı˜Â¯˘¿,1'; DROP TABLE users--,!@#$%^&*(),false
746,😍,᠎,<script>alert('hi')</script>,false
747,999999999999999999999999999999999999999999999999999999999999999999999999999999999999999999999999,␡,"""''''""'""",true
748,Ṱ̺̺̕o͞ ̷i̲̬͇̪͙n̝̗͕v̟̜̘̦͟o̶̙̰̠kè͚̮̺̪̹̱̤ ̖t̝͕̳̣̻̪͞h̼͓̲̦̳̘̲e͇̣̰̦̬͎ ̢̼̻̱̘h͚͎͙̜̣̲ͅi̦̲̣̰̤v̻͍e̺̭̳̪̰-m̢iͅn̖̺̞̲̯̰d̵̼̟͙̩̼̘̳ ̞̥̱̳̭r̛̗̘e͙p͠r̼̞̻̭̗e̺̠̣͟s̘͇̳͍̝͉e͉̥̯̞̲͚̬͜ǹ̬͎͎̟̖͇̤t͍̬̤͓̼̭͘ͅi̪̱n͠g̴͉ ͏͉ͅc̬̟h͡a̫̻̯͘o̫̟̖͍̙̝͉s̗̦̲.̨̹͈̣,`⁄€‹›ﬁﬂ‡°·‚—±,null,false
749,🐵 🙈 🙉 🙊,",./;'[]\-=",åß∂ƒ©˙∆˚¬…æ,false
750,Z̮̞̠͙͔ͅḀ̗̞͈̻̗Ḷ͙͎̯̹̞͓G̻O̭̗̮,ÅÍÎÏ˝ÓÔÒÚÆ☃,̡͓̞ͅI̗̘̦͝n͇͇͙v̮̫ok̲̫̙͈i̖͙̭̹̠̞n̡̻̮̣̺g̲͈͙̭͙̬͎ ̰t͔̦h̞̲e̢̤ ͍̬̲͖f̴̘͕̣è͖ẹ̥̩l͖͔͚i͓͚̦͠n͖͍̗͓̳̮g͍ ̨o͚̪͡f̘̣̬ ̖̘͖̟͙̮c҉͔̫͖͓͇͖ͅh̵̤̣͚͔á̗̼͕ͅo̼̣̥s̱͈̺̖̦̻͢.̛̖̞̠̫̰,false
751,ヽ༼ຈل͜ຈ༽ﾉ ヽ༼ຈل͜ຈ༽ﾉ ,"<>?:""{}|_+",1,true
752,١٢٣,1/2,1.00,false
753,999999999999999999999999999999999999999999999999999999999999999999999999999999999999999999999999,/dev/null; touch /tmp/blns.fail ; echo,社會科學院語學研究所,true
754,Ω≈ç√∫˜µ≤≥÷,1/2,1;DROP TABLE users,false
755,åß∂ƒ©˙∆˚¬…æ,Z̮̞̠͙͔ͅḀ̗̞͈̻̗Ḷ͙͎̯̹̞͓G̻O̭̗̮, ,false
756,(｡◕ ∀ ◕｡),ÅÍÎÏ˝ÓÔÒÚÆ☃,-1E+02,false
757,ÅÍÎÏ˝ÓÔÒÚÆ☃,-1E02, test ,false
758,åß∂ƒ©˙∆˚¬…æ,!@#$%^&*(),␢,true
759,'',Œ„´‰ˇÁ¨ˆØ∏”’,₀₁₂,false
760,𠜎𠜱𠝹𠱓𠱸𠲖𠳏,, test ,false
761,-1E2,Z̮̞̠͙͔ͅḀ̗̞͈̻̗Ḷ͙͎̯̹̞͓G̻O̭̗̮,-1E02,false
762,␣,᠎,",./;'[]\-=",false
763,␡,"בְּרֵאשִׁית, בָּרָא אֱלֹהִים, אֵת הַשָּׁמַיִם, וְאֵת הָאָרֶץ",部落格,false
764,-1.00,00˙Ɩ$-,`⁄€‹›ﬁﬂ‡°·‚—±,false
765,₀₁₂,nil,Ω≈ç√∫˜µ≤≥÷,true
766,!@#$%^&*(),"'""'",⁰⁴⁵₀₁₂,false
767,'',ÅÍÎÏ˝ÓÔÒÚÆ☃,"""",false
768,null,"__ﾛ(,_,*)",✋🏿 💪🏿 👐🏿 🙌🏿 👏🏿 🙏🏿,true
769,ÅÍÎÏ˝ÓÔÒÚÆ☃,(╯°□°）╯︵ ┻━┻)  ,-1E+02,false
770,!@#$%^&*(),-1/2,Z̮̞̠͙͔ͅḀ̗̞͈̻̗Ḷ͙͎̯̹̞͓G̻O̭̗̮,false
771,nil,"ثم نفس سقطت وبالتحديد،, جزيرتي باستخدام أن دنو. إذ هنا؟ الستار وتنصيب كان. أهّل ايطاليا، بريطانيا-فرنسا قد أخذ. سليمان، إتفاقية بين ما, يذكر الحدود أي بعد, معاملة بولندا، الإطلاق عل إيو.",(╯°□°）╯︵ ┻━┻)  ,true
772,Ṱ̺̺̕o͞ ̷i̲̬͇̪͙n̝̗͕v̟̜̘̦͟o̶̙̰̠kè͚̮̺̪̹̱̤ ̖t̝͕̳̣̻̪͞h̼͓̲̦̳̘̲e͇̣̰̦̬͎ ̢̼̻̱̘h͚͎͙̜̣̲ͅi̦̲̣̰̤v̻͍e̺̭̳̪̰-m̢iͅn̖̺̞̲̯̰d̵̼̟͙̩̼̘̳ ̞̥̱̳̭r̛̗̘e͙p͠r̼̞̻̭̗e̺̠̣͟s̘͇̳͍̝͉e͉̥̯̞̲͚̬͜ǹ̬͎͎̟̖͇̤t͍̬̤͓̼̭͘ͅi̪̱n͠g̴͉ ͏͉ͅc̬̟h͡a̫̻̯͘o̫̟̖͍̙̝͉s̗̦̲.̨̹͈̣,œ∑´®†¥¨ˆøπ“‘,🚾 🆒 🆓 🆕 🆖 🆗 🆙 🏧,true
773,"בְּרֵאשִׁית, בָּרָא אֱלֹהִים, אֵת הַשָּׁמַיִם, וְאֵת הָאָרֶץ",1.00,-1,false
774,הָיְתָהtestالصفحات التّحول,1,1E02,false
775,᠎,(｡◕ ∀ ◕｡),הָיְתָהtestالصفحات التّحول,false
776,test⁠test‫,() { _; } >_[$($())] { touch /tmp/blns.shellshock2.fail; },"__ﾛ(,_,*)",false
777,"<>?:""{}|_+",",。・:*:・゜’( ☻ ω ☻ )。・:*:・゜’",部落格,false
778,̡͓̞ͅI̗̘̦͝n͇͇͙v̮̫ok̲̫̙͈i̖͙̭̹̠̞n̡̻̮̣̺g̲͈͙̭͙̬͎ ̰t͔̦h̞̲e̢̤ ͍̬̲͖f̴̘͕̣è͖ẹ̥̩l͖͔͚i͓͚̦͠n͖͍̗͓̳̮g͍ ̨o͚̪͡f̘̣̬ ̖̘͖̟͙̮c҉͔̫͖͓͇͖ͅh̵̤̣͚͔á̗̼͕ͅo̼̣̥s̱͈̺̖̦̻͢.̛̖̞̠̫̰,・(￣∀￣)・:*:,　,false
779,ﾟ･✿ヾ╲(｡◕‿◕｡)╱✿･ﾟ,😍,-1,true
780,0️⃣ 1️⃣ 2️⃣ 3️⃣ 4️⃣ 5️⃣ 6️⃣ 7️⃣ 8️⃣ 9️⃣ 🔟,𠜎𠜱𠝹𠱓𠱸𠲖𠳏,田中さんにあげて下さい,true
781,Z̮̞̠͙͔ͅḀ̗̞͈̻̗Ḷ͙͎̯̹̞͓G̻O̭̗̮,👩🏽,/dev/null; touch /tmp/blns.fail ; echo,true
782,",。・:*:・゜’( ☻ ω ☻ )。・:*:・゜’",",./;'[]\-=",社會科學院語學研究所,true
783,`⁄€‹›ﬁﬂ‡°·‚—±,‪‪test‪,᠎,false
784,<script>alert('hi')</script>,ヽ༼ຈل͜ຈ༽ﾉ ヽ༼ຈل͜ຈ༽ﾉ ,̡͓̞ͅI̗̘̦͝n͇͇͙v̮̫ok̲̫̙͈i̖͙̭̹̠̞n̡̻̮̣̺g̲͈͙̭͙̬͎ ̰t͔̦h̞̲e̢̤ ͍̬̲͖f̴̘͕̣è͖ẹ̥̩l͖͔͚i͓͚̦͠n͖͍̗͓̳̮g͍ ̨o͚̪͡f̘̣̬ ̖̘͖̟͙̮c҉͔̫͖͓͇͖ͅh̵̤̣͚͔á̗̼͕ͅo̼̣̥s̱͈̺̖̦̻͢.̛̖̞̠̫̰,false
785,`⁄€‹›ﬁﬂ‡°·‚—±, ,",./;'[]\-=",true
786,œ∑´®†¥¨ˆøπ“‘,00˙Ɩ$-,`⁄€‹›ﬁﬂ‡°·‚—±,true
787,œ∑´®†¥¨ˆøπ“‘,NULL,1E+02,true
788,｀ｨ(´∀｀∩,❤️ 💔 💌 💕 💞 💓 💗 💖 💘 💝 💟 💜 💛 💚 💙,`⁄€‹›ﬁﬂ‡°·‚—±,true
789,",。・:*:・゜’( ☻ ω ☻ )。・:*:・゜’",null,Ṱ̺̺̕o͞ ̷i̲̬͇̪͙n̝̗͕v̟̜̘̦͟o̶̙̰̠kè͚̮̺̪̹̱̤ ̖t̝͕̳̣̻̪͞h̼͓̲̦̳̘̲e͇̣̰̦̬͎ ̢̼̻̱̘h͚͎͙̜̣̲ͅi̦̲̣̰̤v̻͍e̺̭̳̪̰-m̢iͅn̖̺̞̲̯̰d̵̼̟͙̩̼̘̳ ̞̥̱̳̭r̛̗̘e͙p͠r̼̞̻̭̗e̺̠̣͟s̘͇̳͍̝͉e͉̥̯̞̲͚̬͜ǹ̬͎͎̟̖͇̤t͍̬̤͓̼̭͘ͅi̪̱n͠g̴͉ ͏͉ͅc̬̟h͡a̫̻̯͘o̫̟̖͍̙̝͉s̗̦̲.̨̹͈̣,true
790,␡,null,␢,false
791,ヽ༼ຈل͜ຈ༽ﾉ ヽ༼ຈل͜ຈ༽ﾉ ,-1.00,␡,true
792,0/0,$1.00,<svg><script>0<1>alert('XSS')</script>,true
793,¸˛Ç◊ı˜Â¯˘¿,・(￣∀￣)・:*:,test⁠test‫,false
794,test⁠test‫,/dev/null; touch /tmp/blns.fail ; echo,-1E02,false
795,ÅÍÎÏ˝ÓÔÒÚÆ☃,‫test‫,../../../../../../../../../../../etc/passwd%00,false
796, ,𠜎𠜱𠝹𠱓𠱸𠲖𠳏,␣,true
797,₀₁₂,"בְּרֵאשִׁית, בָּרָא אֱלֹהִים, אֵת הַשָּׁמַיִם, וְאֵת הָאָרֶץ",,false
798,　,-1.00,𠜎𠜱𠝹𠱓𠱸𠲖𠳏,true
799,1E2,null,ÅÍÎÏ˝ÓÔÒÚÆ☃,false
800,"בְּרֵאשִׁית, בָּרָא אֱלֹהִים, אֵת הַשָּׁמַיִם, וְאֵת הָאָרֶץ","ثم نفس سقطت وبالتحديد،, جزيرتي باستخدام أن دنو. إذ هنا؟ الستار وتنصيب كان. أهّل ايطاليا، بريطانيا-فرنسا قد أخذ. سليمان، إتفاقية بين ما, يذكر الحدود أي بعد, معاملة بولندا، الإطلاق عل إيو.",1E02,true
801,ÅÍÎÏ˝ÓÔÒÚÆ☃,😍,部落格,true
802,✋🏿 💪🏿 👐🏿 🙌🏿 👏🏿 🙏🏿,사회과학원 어학연구소,"""'""'""''''""",false
803,사회과학원 어학연구소,울란바토르,הָיְתָהtestالصفحات التّحول,false
804,␢,-1E2,ﾟ･✿ヾ╲(｡◕‿◕｡)╱✿･ﾟ,false
805,åß∂ƒ©˙∆˚¬…æ,(ﾉಥ益ಥ）ﾉ﻿ ┻━┻,̡͓̞ͅI̗̘̦͝n͇͇͙v̮̫ok̲̫̙͈i̖͙̭̹̠̞n̡̻̮̣̺g̲͈͙̭͙̬͎ ̰t͔̦h̞̲e̢̤ ͍̬̲͖f̴̘͕̣è͖ẹ̥̩l͖͔͚i͓͚̦͠n͖͍̗͓̳̮g͍ ̨o͚̪͡f̘̣̬ ̖̘͖̟͙̮c҉͔̫͖͓͇͖ͅh̵̤̣͚͔á̗̼͕ͅo̼̣̥s̱͈̺̖̦̻͢.̛̖̞̠̫̰,false
806,₀₁₂,0/0,1/2,true
807,"__ﾛ(,_,*)",00˙Ɩ$-,部落格,false
808,̦H̬̤̗̤͝e͜ ̜̥̝̻͍̟́w̕h̖̯͓o̝͙̖͎̱̮ ҉̺̙̞̟͈W̷̼̭a̺̪͍į͈͕̭͙̯̜t̶̼̮s̘͙͖̕ ̠̫̠B̻͍͙͉̳ͅe̵h̵̬͇̫͙i̹͓̳̳̮͎̫̕n͟d̴̪̜̖ ̰͉̩͇͙̲͞ͅT͖̼͓̪͢h͏͓̮̻e̬̝̟ͅ ̤̹̝W͙̞̝͔͇͝ͅa͏͓͔̹̼̣l̴͔̰̤̟͔ḽ̫.͕,和製漢語,$1.00,false
809,‫test‫,0.00,test⁠test‫,false
810,🚾 🆒 🆓 🆕 🆖 🆗 🆙 🏧,１２３,1/0,true
811,0️⃣ 1️⃣ 2️⃣ 3️⃣ 4️⃣ 5️⃣ 6️⃣ 7️⃣ 8️⃣ 9️⃣ 🔟,ÅÍÎÏ˝ÓÔÒÚÆ☃,⁰⁴⁵,true
812,❤️ 💔 💌 💕 💞 💓 💗 💖 💘 💝 💟 💜 💛 💚 💙,"""""",../../../../../../../../../../../etc/passwd%00,false
813,😍,1E+02,1E+02,false
814,-1E02,../../../../../../../../../../../etc/hosts,ÅÍÎÏ˝ÓÔÒÚÆ☃,true
815,0/0,"ثم نفس سقطت وبالتحديد،, جزيرتي باستخدام أن دنو. إذ هنا؟ الستار وتنصيب كان. أهّل ايطاليا، بريطانيا-فرنسا قد أخذ. سليمان، إتفاقية بين ما, يذكر الحدود أي بعد, معاملة بولندا، الإطلاق عل إيو.","""",true
816,␡,"ثم نفس سقطت وبالتحديد،, جزيرتي باستخدام أن دنو. إذ هنا؟ الستار وتنصيب كان. أهّل ايطاليا، بريطانيا-فرنسا قد أخذ. سليمان، إتفاقية بين ما, يذكر الحدود أي بعد, معاملة بولندا، الإطلاق عل إيو.",⁰⁴⁵,true
817,NIL,0/0,0️⃣ 1️⃣ 2️⃣ 3️⃣ 4️⃣ 5️⃣ 6️⃣ 7️⃣ 8️⃣ 9️⃣ 🔟,true
818,null,`⁄€‹›ﬁﬂ‡°·‚—±,"""",true
819, test ,‪‪test‪,() { 0; }; touch /tmp/blns.shellshock1.fail;,true
820,() { 0; }; touch /tmp/blns.shellshock1.fail;,<svg><script>0<1>alert('XSS')</script>,œ∑´®†¥¨ˆøπ“‘,false
821,₀₁₂,Ω≈ç√∫˜µ≤≥÷,사회과학원 어학연구소,false
822,'',部落格,1E+02,true
823,1.00,Ω≈ç√∫˜µ≤≥÷,œ∑´®†¥¨ˆøπ“‘,false
824,`⁄€‹›ﬁﬂ‡°·‚—±,Ṱ̺̺̕o͞ ̷i̲̬͇̪͙n̝̗͕v̟̜̘̦͟o̶̙̰̠kè͚̮̺̪̹̱̤ ̖t̝͕̳̣̻̪͞h̼͓̲̦̳̘̲e͇̣̰̦̬͎ ̢̼̻̱̘h͚͎͙̜̣̲ͅi̦̲̣̰̤v̻͍e̺̭̳̪̰-m̢iͅn̖̺̞̲̯̰d̵̼̟͙̩̼̘̳ ̞̥̱̳̭r̛̗̘e͙p͠r̼̞̻̭̗e̺̠̣͟s̘͇̳͍̝͉e͉̥̯̞̲͚̬͜ǹ̬͎͎̟̖͇̤t͍̬̤͓̼̭͘ͅi̪̱n͠g̴͉ ͏͉ͅc̬̟h͡a̫̻̯͘o̫̟̖͍̙̝͉s̗̦̲.̨̹͈̣,​,false
825,null,"""''''""'""","""""",true
826,NIL,‫test‫,",./;'[]\-=",true
827,ﾟ･✿ヾ╲(｡◕‿◕｡)╱✿･ﾟ,-1E+02,<svg><script>0<1>alert('XSS')</script>,true
828,̗̺͖̹̯͓Ṯ̤͍̥͇͈h̲́e͏͓̼̗̙̼̣͔ ͇̜̱̠͓͍ͅN͕͠e̗̱z̘̝̜̺͙p̤̺̹͍̯͚e̠̻̠͜r̨̤͍̺̖͔̖̖d̠̟̭̬̝͟i̦͖̩͓͔̤a̠̗̬͉̙n͚͜ ̻̞̰͚ͅh̵͉i̳̞v̢͇ḙ͎͟-҉̭̩̼͔m̤̭̫i͕͇̝̦n̗͙ḍ̟ ̯̲͕͞ǫ̟̯̰̲͙̻̝f ̪̰̰̗̖̭̘͘c̦͍̲̞͍̩̙ḥ͚a̮͎̟̙͜ơ̩̹͎s̤.̝̝ ҉Z̡̖̜͖̰̣͉̜a͖̰͙̬͡l̲̫̳͍̩g̡̟̼̱͚̞̬ͅo̗͜.̟,!@#$%^&*(),Œ„´‰ˇÁ¨ˆØ∏”’,true
829,₀₁₂,-1.00,田中さんにあげて下さい,true
830,0.00,"""",👾 🙇 💁 🙅 🙆 🙋 🙎 🙍 ,true
831,"__ﾛ(,_,*)",åß∂ƒ©˙∆˚¬…æ,¸˛Ç◊ı˜Â¯˘¿,false
832,⁦test⁧,NULL,1E2,false
833,(╯°□°）╯︵ ┻━┻)  ,Ṱ̺̺̕o͞ ̷i̲̬͇̪͙n̝̗͕v̟̜̘̦͟o̶̙̰̠kè͚̮̺̪̹̱̤ ̖t̝͕̳̣̻̪͞h̼͓̲̦̳̘̲e͇̣̰̦̬͎ ̢̼̻̱̘h͚͎͙̜̣̲ͅi̦̲̣̰̤v̻͍e̺̭̳̪̰-m̢iͅn̖̺̞̲̯̰d̵̼̟͙̩̼̘̳ ̞̥̱̳̭r̛̗̘e͙p͠r̼̞̻̭̗e̺̠̣͟s̘͇̳͍̝͉e͉̥̯̞̲͚̬͜ǹ̬͎͎̟̖͇̤t͍̬̤͓̼̭͘ͅi̪̱n͠g̴͉ ͏͉ͅc̬̟h͡a̫̻̯͘o̫̟̖͍̙̝͉s̗̦̲.̨̹͈̣,ヽ༼ຈل͜ຈ༽ﾉ ヽ༼ຈل͜ຈ༽ﾉ ,true
834,-1E02,(｡◕ ∀ ◕｡),ヽ༼ຈل͜ຈ༽ﾉ ヽ༼ຈل͜ຈ༽ﾉ ,true
835,¡™£¢∞§¶•ªº–≠,הָיְתָהtestالصفحات التّحول,・(￣∀￣)・:*:,true
836,⁰⁴⁵,<svg><script>0<1>alert('XSS')</script>,,false
837,̦H̬̤̗̤͝e͜ ̜̥̝̻͍̟́w̕h̖̯͓o̝͙̖͎̱̮ ҉̺̙̞̟͈W̷̼̭a̺̪͍į͈͕̭͙̯̜t̶̼̮s̘͙͖̕ ̠̫̠B̻͍͙͉̳ͅe̵h̵̬͇̫͙i̹͓̳̳̮͎̫̕n͟d̴̪̜̖ ̰͉̩͇͙̲͞ͅT͖̼͓̪͢h͏͓̮̻e̬̝̟ͅ ̤̹̝W͙̞̝͔͇͝ͅa͏͓͔̹̼̣l̴͔̰̤̟͔ḽ̫.͕,社會科學院語學研究所,✋🏿 💪🏿 👐🏿 🙌🏿 👏🏿 🙏🏿,false
838,⁦test⁧,-$1.00,部落格,true
839,() { 0; }; touch /tmp/blns.shellshock1.fail;,パーティーへ行かないか,"""",true
840,パーティーへ行かないか,!@#$%^&*(),(ﾉಥ益ಥ）ﾉ﻿ ┻━┻,false
841,¡™£¢∞§¶•ªº–≠,-1E+02,() { 0; }; touch /tmp/blns.shellshock1.fail;,true
842,1E02,᠎,"__ﾛ(,_,*)",true
843,᠎,NULL,‫test‫,false
844,",./;'[]\-=",‪‪test‪,␢,true
845,!@#$%^&*(),Œ„´‰ˇÁ¨ˆØ∏”’,˙ɐnbᴉlɐ ɐuƃɐɯ ǝɹolop ʇǝ ǝɹoqɐl ʇn ʇunpᴉpᴉɔuᴉ ɹodɯǝʇ poɯsnᴉǝ op pǝs 'ʇᴉlǝ ƃuᴉɔsᴉdᴉpɐ ɹnʇǝʇɔǝsuoɔ 'ʇǝɯɐ ʇᴉs ɹolop ɯnsdᴉ ɯǝɹo˥,true
846,‪‪test‪,$1.00,1E02,true
847,"'""'","""",和製漢語,false
848,0️⃣ 1️⃣ 2️⃣ 3️⃣ 4️⃣ 5️⃣ 6️⃣ 7️⃣ 8️⃣ 9️⃣ 🔟,1'; DROP TABLE users--,NIL,true
849,!@#$%^&*(),1E+02,-1,true
850,0️⃣ 1️⃣ 2️⃣ 3️⃣ 4️⃣ 5️⃣ 6️⃣ 7️⃣ 8️⃣ 9️⃣ 🔟,Ṱ̺̺̕o͞ ̷i̲̬͇̪͙n̝̗͕v̟̜̘̦͟o̶̙̰̠kè͚̮̺̪̹̱̤ ̖t̝͕̳̣̻̪͞h̼͓̲̦̳̘̲e͇̣̰̦̬͎ ̢̼̻̱̘h͚͎͙̜̣̲ͅi̦̲̣̰̤v̻͍e̺̭̳̪̰-m̢iͅn̖̺̞̲̯̰d̵̼̟͙̩̼̘̳ ̞̥̱̳̭r̛̗̘e͙p͠r̼̞̻̭̗e̺̠̣͟s̘͇̳͍̝͉e͉̥̯̞̲͚̬͜ǹ̬͎͎̟̖͇̤t͍̬̤͓̼̭͘ͅi̪̱n͠g̴͉ ͏͉ͅc̬̟h͡a̫̻̯͘o̫̟̖͍̙̝͉s̗̦̲.̨̹͈̣,null,false
851,"""""",␢,̦H̬̤̗̤͝e͜ ̜̥̝̻͍̟́w̕h̖̯͓o̝͙̖͎̱̮ ҉̺̙̞̟͈W̷̼̭a̺̪͍į͈͕̭͙̯̜t̶̼̮s̘͙͖̕ ̠̫̠B̻͍͙͉̳ͅe̵h̵̬͇̫͙i̹͓̳̳̮͎̫̕n͟d̴̪̜̖ ̰͉̩͇͙̲͞ͅT͖̼͓̪͢h͏͓̮̻e̬̝̟ͅ ̤̹̝W͙̞̝͔͇͝ͅa͏͓͔̹̼̣l̴͔̰̤̟͔ḽ̫.͕,false
852,<img src=x onerror=alert('hi') />,😍,¡™£¢∞§¶•ªº–≠,false
853,1E2,１２３,1,false
854,åß∂ƒ©˙∆˚¬…æ,",。・:*:・゜’( ☻ ω ☻ )。・:*:・゜’",הָיְתָהtestالصفحات التّحول,false
855,,œ∑´®†¥¨ˆøπ“‘,・(￣∀￣)・:*:,false
856,test⁠test‫,<img src=x onerror=alert('hi') />,␣,false
857,(ﾉಥ益ಥ）ﾉ﻿ ┻━┻,‪‪test‪,",。・:*:・゜’( ☻ ω ☻ )。・:*:・゜’",false
858,1.00,1E+02,田中さんにあげて下さい,true
859,<svg><script>0<1>alert('XSS')</script>,1E2,1/2,true
860,̦H̬̤̗̤͝e͜ ̜̥̝̻͍̟́w̕h̖̯͓o̝͙̖͎̱̮ ҉̺̙̞̟͈W̷̼̭a̺̪͍į͈͕̭͙̯̜t̶̼̮s̘͙͖̕ ̠̫̠B̻͍͙͉̳ͅe̵h̵̬͇̫͙i̹͓̳̳̮͎̫̕n͟d̴̪̜̖ ̰͉̩͇͙̲͞ͅT͖̼͓̪͢h͏͓̮̻e̬̝̟ͅ ̤̹̝W͙̞̝͔͇͝ͅa͏͓͔̹̼̣l̴͔̰̤̟͔ḽ̫.͕,田中さんにあげて下さい,﻿,false
861,␣,部落格,和製漢語,false
862,"<>?:""{}|_+","""",👩🏽,true
863,社會科學院語學研究所,᠎,$1.00,true
864,1'; DROP TABLE users--,울란바토르,田中さんにあげて下さい,true
865,(╯°□°）╯︵ ┻━┻)  ,パーティーへ行かないか,¸˛Ç◊ı˜Â¯˘¿,true
866,Z̮̞̠͙͔ͅḀ̗̞͈̻̗Ḷ͙͎̯̹̞͓G̻O̭̗̮,'',,false
867, test ,"בְּרֵאשִׁית, בָּרָא אֱלֹהִים, אֵת הַשָּׁמַיִם, וְאֵת הָאָרֶץ",¸˛Ç◊ı˜Â¯˘¿,true
868,-1/2,̗̺͖̹̯͓Ṯ̤͍̥͇͈h̲́e͏͓̼̗̙̼̣͔ ͇̜̱̠͓͍ͅN͕͠e̗̱z̘̝̜̺͙p̤̺̹͍̯͚e̠̻̠͜r̨̤͍̺̖͔̖̖d̠̟̭̬̝͟i̦͖̩͓͔̤a̠̗̬͉̙n͚͜ ̻̞̰͚ͅh̵͉i̳̞v̢͇ḙ͎͟-҉̭̩̼͔m̤̭̫i͕͇̝̦n̗͙ḍ̟ ̯̲͕͞ǫ̟̯̰̲͙̻̝f ̪̰̰̗̖̭̘͘c̦͍̲̞͍̩̙ḥ͚a̮͎̟̙͜ơ̩̹͎s̤.̝̝ ҉Z̡̖̜͖̰̣͉̜a͖̰͙̬͡l̲̫̳͍̩g̡̟̼̱͚̞̬ͅo̗͜.̟,‫test‫,true
869,"'""'",-1.00,ÅÍÎÏ˝ÓÔÒÚÆ☃,true
870,1;DROP TABLE users,̡͓̞ͅI̗̘̦͝n͇͇͙v̮̫ok̲̫̙͈i̖͙̭̹̠̞n̡̻̮̣̺g̲͈͙̭͙̬͎ ̰t͔̦h̞̲e̢̤ ͍̬̲͖f̴̘͕̣è͖ẹ̥̩l͖͔͚i͓͚̦͠n͖͍̗͓̳̮g͍ ̨o͚̪͡f̘̣̬ ̖̘͖̟͙̮c҉͔̫͖͓͇͖ͅh̵̤̣͚͔á̗̼͕ͅo̼̣̥s̱͈̺̖̦̻͢.̛̖̞̠̫̰,/dev/null; touch /tmp/blns.fail ; echo,true
871,-1E2,¸˛Ç◊ı˜Â¯˘¿,(╯°□°）╯︵ ┻━┻)  ,false
872,0.00,0.00,Ω≈ç√∫˜µ≤≥÷,true
873,() { _; } >_[$($())] { touch /tmp/blns.shellshock2.fail; },() { _; } >_[$($())] { touch /tmp/blns.shellshock2.fail; },᠎,true
874,👾 🙇 💁 🙅 🙆 🙋 🙎 🙍 ,0️⃣ 1️⃣ 2️⃣ 3️⃣ 4️⃣ 5️⃣ 6️⃣ 7️⃣ 8️⃣ 9️⃣ 🔟,사회과학원 어학연구소,false
875,`⁄€‹›ﬁﬂ‡°·‚—±,nil,(ﾉಥ益ಥ）ﾉ﻿ ┻━┻,false
876,𠜎𠜱𠝹𠱓𠱸𠲖𠳏,",。・:*:・゜’( ☻ ω ☻ )。・:*:・゜’",̦H̬̤̗̤͝e͜ ̜̥̝̻͍̟́w̕h̖̯͓o̝͙̖͎̱̮ ҉̺̙̞̟͈W̷̼̭a̺̪͍į͈͕̭͙̯̜t̶̼̮s̘͙͖̕ ̠̫̠B̻͍͙͉̳ͅe̵h̵̬͇̫͙i̹͓̳̳̮͎̫̕n͟d̴̪̜̖ ̰͉̩͇͙̲͞ͅT͖̼͓̪͢h͏͓̮̻e̬̝̟ͅ ̤̹̝W͙̞̝͔͇͝ͅa͏͓͔̹̼̣l̴͔̰̤̟͔ḽ̫.͕,false
877,åß∂ƒ©˙∆˚¬…æ,",。・:*:・゜’( ☻ ω ☻ )。・:*:・゜’",הָיְתָהtestالصفحات التّحول,false
878,✋🏿 💪🏿 👐🏿 🙌🏿 👏🏿 🙏🏿,"'""'",1,false
879,00˙Ɩ$-,1E02,"'""'",true
880,울란바토르,1E2,1/0,false
881,1E2,｀ｨ(´∀｀∩,​,true
882,0.00,"ثم نفس سقطت وبالتحديد،, جزيرتي باستخدام أن دنو. إذ هنا؟ الستار وتنصيب كان. أهّل ايطاليا، بريطانيا-فرنسا قد أخذ. سليمان، إتفاقية بين ما, يذكر الحدود أي بعد, معاملة بولندا، الإطلاق عل إيو.",<script>alert('hi')</script>,true
883,🐵 🙈 🙉 🙊,-1,`⁄€‹›ﬁﬂ‡°·‚—±,true
884,1,(ﾉಥ益ಥ）ﾉ﻿ ┻━┻,NULL,false
885,Œ„´‰ˇÁ¨ˆØ∏”’,１２３,åß∂ƒ©˙∆˚¬…æ,true
886,｀ｨ(´∀｀∩,"<>?:""{}|_+",999999999999999999999999999999999999999999999999999999999999999999999999999999999999999999999999,false
887,NIL,NULL,-1E+02,true
888,../../../../../../../../../../../etc/passwd%00,᠎,nil,false
889,‪‪test‪,1/2,　,false
890,🐵 🙈 🙉 🙊,(ﾉಥ益ಥ）ﾉ﻿ ┻━┻,"""'""'""''''""",true
891,הָיְתָהtestالصفحات التّحول, test ,1E+02,true
892,1;DROP TABLE users,1,˙ɐnbᴉlɐ ɐuƃɐɯ ǝɹolop ʇǝ ǝɹoqɐl ʇn ʇunpᴉpᴉɔuᴉ ɹodɯǝʇ poɯsnᴉǝ op pǝs 'ʇᴉlǝ ƃuᴉɔsᴉdᴉpɐ ɹnʇǝʇɔǝsuoɔ 'ʇǝɯɐ ʇᴉs ɹolop ɯnsdᴉ ɯǝɹo˥,false
893,-1E02,｀ｨ(´∀｀∩,NULL,false
894,👩🏽,1,Œ„´‰ˇÁ¨ˆØ∏”’,false
895,Œ„´‰ˇÁ¨ˆØ∏”’,0/0,../../../../../../../../../../../etc/passwd%00,true
896,œ∑´®†¥¨ˆøπ“‘,1/2, test ,false
897,`⁄€‹›ﬁﬂ‡°·‚—±,1/2,Ω≈ç√∫˜µ≤≥÷,false
898,1/0,"__ﾛ(,_,*)",Ṱ̺̺̕o͞ ̷i̲̬͇̪͙n̝̗͕v̟̜̘̦͟o̶̙̰̠kè͚̮̺̪̹̱̤ ̖t̝͕̳̣̻̪͞h̼͓̲̦̳̘̲e͇̣̰̦̬͎ ̢̼̻̱̘h͚͎͙̜̣̲ͅi̦̲̣̰̤v̻͍e̺̭̳̪̰-m̢iͅn̖̺̞̲̯̰d̵̼̟͙̩̼̘̳ ̞̥̱̳̭r̛̗̘e͙p͠r̼̞̻̭̗e̺̠̣͟s̘͇̳͍̝͉e͉̥̯̞̲͚̬͜ǹ̬͎͎̟̖͇̤t͍̬̤͓̼̭͘ͅi̪̱n͠g̴͉ ͏͉ͅc̬̟h͡a̫̻̯͘o̫̟̖͍̙̝͉s̗̦̲.̨̹͈̣,false
899,"<>?:""{}|_+",1E+02,",。・:*:・゜’( ☻ ω ☻ )。・:*:・゜’",true
900,社會科學院語學研究所,999999999999999999999999999999999999999999999999999999999999999999999999999999999999999999999999,-1.00,true
901,999999999999999999999999999999999999999999999999999999999999999999999999999999999999999999999999,"__ﾛ(,_,*)",0/0,false
902,null,NIL,😍,true
903,1/0,₀₁₂,nil,false
904,1'; DROP TABLE users--,パーティーへ行かないか,"""""",false
905,(ﾉಥ益ಥ）ﾉ﻿ ┻━┻,œ∑´®†¥¨ˆøπ“‘,Ṱ̺̺̕o͞ ̷i̲̬͇̪͙n̝̗͕v̟̜̘̦͟o̶̙̰̠kè͚̮̺̪̹̱̤ ̖t̝͕̳̣̻̪͞h̼͓̲̦̳̘̲e͇̣̰̦̬͎ ̢̼̻̱̘h͚͎͙̜̣̲ͅi̦̲̣̰̤v̻͍e̺̭̳̪̰-m̢iͅn̖̺̞̲̯̰d̵̼̟͙̩̼̘̳ ̞̥̱̳̭r̛̗̘e͙p͠r̼̞̻̭̗e̺̠̣͟s̘͇̳͍̝͉e͉̥̯̞̲͚̬͜ǹ̬͎͎̟̖͇̤t͍̬̤͓̼̭͘ͅi̪̱n͠g̴͉ ͏͉ͅc̬̟h͡a̫̻̯͘o̫̟̖͍̙̝͉s̗̦̲.̨̹͈̣,false
906,␡,​,﻿,true
907,../../../../../../../../../../../etc/hosts,!@#$%^&*(),⁰⁴⁵,false
908,0/0,-1.00,｀ｨ(´∀｀∩,true
909,<svg><script>0<1>alert('XSS')</script>,test⁠test‫,<script>alert('hi')</script>,false
910,הָיְתָהtestالصفحات التّحول,nil,̡͓̞ͅI̗̘̦͝n͇͇͙v̮̫ok̲̫̙͈i̖͙̭̹̠̞n̡̻̮̣̺g̲͈͙̭͙̬͎ ̰t͔̦h̞̲e̢̤ ͍̬̲͖f̴̘͕̣è͖ẹ̥̩l͖͔͚i͓͚̦͠n͖͍̗͓̳̮g͍ ̨o͚̪͡f̘̣̬ ̖̘͖̟͙̮c҉͔̫͖͓͇͖ͅh̵̤̣͚͔á̗̼͕ͅo̼̣̥s̱͈̺̖̦̻͢.̛̖̞̠̫̰,false
911,'',<img src=x onerror=alert('hi') />,｀ｨ(´∀｀∩,false
912,˙ɐnbᴉlɐ ɐuƃɐɯ ǝɹolop ʇǝ ǝɹoqɐl ʇn ʇunpᴉpᴉɔuᴉ ɹodɯǝʇ poɯsnᴉǝ op pǝs 'ʇᴉlǝ ƃuᴉɔsᴉdᴉpɐ ɹnʇǝʇɔǝsuoɔ 'ʇǝɯɐ ʇᴉs ɹolop ɯnsdᴉ ɯǝɹo˥,﻿,⁰⁴⁵,true
913,,Ω≈ç√∫˜µ≤≥÷,"""''''""'""",true
914,1/2,Œ„´‰ˇÁ¨ˆØ∏”’,🚾 🆒 🆓 🆕 🆖 🆗 🆙 🏧,false
915,␢,(ﾉಥ益ಥ）ﾉ﻿ ┻━┻,'',true
916,-1.00,nil,1/2,false
917,<svg><script>0<1>alert('XSS')</script>,1E02,-$1.00,true
918,␢,̦H̬̤̗̤͝e͜ ̜̥̝̻͍̟́w̕h̖̯͓o̝͙̖͎̱̮ ҉̺̙̞̟͈W̷̼̭a̺̪͍į͈͕̭͙̯̜t̶̼̮s̘͙͖̕ ̠̫̠B̻͍͙͉̳ͅe̵h̵̬͇̫͙i̹͓̳̳̮͎̫̕n͟d̴̪̜̖ ̰͉̩͇͙̲͞ͅT͖̼͓̪͢h͏͓̮̻e̬̝̟ͅ ̤̹̝W͙̞̝͔͇͝ͅa͏͓͔̹̼̣l̴͔̰̤̟͔ḽ̫.͕,パーティーへ行かないか,true
919,$1.00,Ω≈ç√∫˜µ≤≥÷,test⁠test‫,false
920,和製漢語,(ﾉಥ益ಥ）ﾉ﻿ ┻━┻,<svg><script>0<1>alert('XSS')</script>,false
921,Œ„´‰ˇÁ¨ˆØ∏”’,1E2,-$1.00,true
922,"<>?:""{}|_+",$1.00,1/2,true
923,✋🏿 💪🏿 👐🏿 🙌🏿 👏🏿 🙏🏿,"<>?:""{}|_+",˙ɐnbᴉlɐ ɐuƃɐɯ ǝɹolop ʇǝ ǝɹoqɐl ʇn ʇunpᴉpᴉɔuᴉ ɹodɯǝʇ poɯsnᴉǝ op pǝs 'ʇᴉlǝ ƃuᴉɔsᴉdᴉpɐ ɹnʇǝʇɔǝsuoɔ 'ʇǝɯɐ ʇᴉs ɹolop ɯnsdᴉ ɯǝɹo˥,true
924,(ﾉಥ益ಥ）ﾉ﻿ ┻━┻,社會科學院語學研究所,和製漢語,false
925,-1E2,❤️ 💔 💌 💕 💞 💓 💗 💖 💘 💝 💟 💜 💛 💚 💙,¡™£¢∞§¶•ªº–≠,true
926,パーティーへ行かないか,nil,﻿,true
927,00˙Ɩ$-,𠜎𠜱𠝹𠱓𠱸𠲖𠳏,﻿,false
928,1E+02,¡™£¢∞§¶•ªº–≠,-1E02,true
929,!@#$%^&*(),‪‪test‪,nil,true
930,사회과학원 어학연구소,　,␢,true
931,-1E02,../../../../../../../../../../../etc/passwd%00,0/0,false
932,0.00,⁰⁴⁵₀₁₂,田中さんにあげて下さい,false
933,null,⁰⁴⁵₀₁₂,1/2,true
934,1E2,"""'""'""''''""",-1E2,false
935,0.00,̦H̬̤̗̤͝e͜ ̜̥̝̻͍̟́w̕h̖̯͓o̝͙̖͎̱̮ ҉̺̙̞̟͈W̷̼̭a̺̪͍į͈͕̭͙̯̜t̶̼̮s̘͙͖̕ ̠̫̠B̻͍͙͉̳ͅe̵h̵̬͇̫͙i̹͓̳̳̮͎̫̕n͟d̴̪̜̖ ̰͉̩͇͙̲͞ͅT͖̼͓̪͢h͏͓̮̻e̬̝̟ͅ ̤̹̝W͙̞̝͔͇͝ͅa͏͓͔̹̼̣l̴͔̰̤̟͔ḽ̫.͕,œ∑´®†¥¨ˆøπ“‘,true
936,١٢٣,1,!@#$%^&*(),true
937,"<>?:""{}|_+",̦H̬̤̗̤͝e͜ ̜̥̝̻͍̟́w̕h̖̯͓o̝͙̖͎̱̮ ҉̺̙̞̟͈W̷̼̭a̺̪͍į͈͕̭͙̯̜t̶̼̮s̘͙͖̕ ̠̫̠B̻͍͙͉̳ͅe̵h̵̬͇̫͙i̹͓̳̳̮͎̫̕n͟d̴̪̜̖ ̰͉̩͇͙̲͞ͅT͖̼͓̪͢h͏͓̮̻e̬̝̟ͅ ̤̹̝W͙̞̝͔͇͝ͅa͏͓͔̹̼̣l̴͔̰̤̟͔ḽ̫.͕,"בְּרֵאשִׁית, בָּרָא אֱלֹהִים, אֵת הַשָּׁמַיִם, וְאֵת הָאָרֶץ",true
938,1,ﾟ･✿ヾ╲(｡◕‿◕｡)╱✿･ﾟ,",./;'[]\-=",true
939,ﾟ･✿ヾ╲(｡◕‿◕｡)╱✿･ﾟ,¡™£¢∞§¶•ªº–≠,(╯°□°）╯︵ ┻━┻)  ,false
940,👩🏽,😍,00˙Ɩ$-,false
941,1/2,ﾟ･✿ヾ╲(｡◕‿◕｡)╱✿･ﾟ,⁦test⁧,false
942,"""''''""'""",Ṱ̺̺̕o͞ ̷i̲̬͇̪͙n̝̗͕v̟̜̘̦͟o̶̙̰̠kè͚̮̺̪̹̱̤ ̖t̝͕̳̣̻̪͞h̼͓̲̦̳̘̲e͇̣̰̦̬͎ ̢̼̻̱̘h͚͎͙̜̣̲ͅi̦̲̣̰̤v̻͍e̺̭̳̪̰-m̢iͅn̖̺̞̲̯̰d̵̼̟͙̩̼̘̳ ̞̥̱̳̭r̛̗̘e͙p͠r̼̞̻̭̗e̺̠̣͟s̘͇̳͍̝͉e͉̥̯̞̲͚̬͜ǹ̬͎͎̟̖͇̤t͍̬̤͓̼̭͘ͅi̪̱n͠g̴͉ ͏͉ͅc̬̟h͡a̫̻̯͘o̫̟̖͍̙̝͉s̗̦̲.̨̹͈̣,(｡◕ ∀ ◕｡),false
943,הָיְתָהtestالصفحات التّحول,test⁠test‫, ,false
944,"בְּרֵאשִׁית, בָּרָא אֱלֹהִים, אֵת הַשָּׁמַיִם, וְאֵת הָאָרֶץ",999999999999999999999999999999999999999999999999999999999999999999999999999999999999999999999999,",。・:*:・゜’( ☻ ω ☻ )。・:*:・゜’",true
945,"""'""'""''''""",",。・:*:・゜’( ☻ ω ☻ )。・:*:・゜’",1E+02,false
946,-$1.00,˙ɐnbᴉlɐ ɐuƃɐɯ ǝɹolop ʇǝ ǝɹoqɐl ʇn ʇunpᴉpᴉɔuᴉ ɹodɯǝʇ poɯsnᴉǝ op pǝs 'ʇᴉlǝ ƃuᴉɔsᴉdᴉpɐ ɹnʇǝʇɔǝsuoɔ 'ʇǝɯɐ ʇᴉs ɹolop ɯnsdᴉ ɯǝɹo˥,ÅÍÎÏ˝ÓÔÒÚÆ☃,false
947,0/0,"""'""'""''''""",﻿,true
948,｀ｨ(´∀｀∩, ,👩🏽,true
949,",./;'[]\-=",NULL,ヽ༼ຈل͜ຈ༽ﾉ ヽ༼ຈل͜ຈ༽ﾉ ,false
950,"""'""'""''''""",울란바토르,👩🏽,true
951,-$1.00,-1E+02,‫test‫,false
952,"<>?:""{}|_+",👩🏽,/dev/null; touch /tmp/blns.fail ; echo,false
953,₀₁₂,test⁠test‫,',true
954,1,, test ,false
955,1'; DROP TABLE users--,"""'""'""''''""",$1.00,false
956,00˙Ɩ$-,‫test‫,-1/2,false
957,¸˛Ç◊ı˜Â¯˘¿,$1.00,‪‪test‪,true
958,Ṱ̺̺̕o͞ ̷i̲̬͇̪͙n̝̗͕v̟̜̘̦͟o̶̙̰̠kè͚̮̺̪̹̱̤ ̖t̝͕̳̣̻̪͞h̼͓̲̦̳̘̲e͇̣̰̦̬͎ ̢̼̻̱̘h͚͎͙̜̣̲ͅi̦̲̣̰̤v̻͍e̺̭̳̪̰-m̢iͅn̖̺̞̲̯̰d̵̼̟͙̩̼̘̳ ̞̥̱̳̭r̛̗̘e͙p͠r̼̞̻̭̗e̺̠̣͟s̘͇̳͍̝͉e͉̥̯̞̲͚̬͜ǹ̬͎͎̟̖͇̤t͍̬̤͓̼̭͘ͅi̪̱n͠g̴͉ ͏͉ͅc̬̟h͡a̫̻̯͘o̫̟̖͍̙̝͉s̗̦̲.̨̹͈̣,⁰⁴⁵₀₁₂,-1E+02,true
959,"ثم نفس سقطت وبالتحديد،, جزيرتي باستخدام أن دنو. إذ هنا؟ الستار وتنصيب كان. أهّل ايطاليا، بريطانيا-فرنسا قد أخذ. سليمان، إتفاقية بين ما, يذكر الحدود أي بعد, معاملة بولندا، الإطلاق عل إيو.",1E+02,1/0,false
960,1;DROP TABLE users,"<>?:""{}|_+",１２３,false
961,😍,1/2,(ﾉಥ益ಥ）ﾉ﻿ ┻━┻,true
962,𠜎𠜱𠝹𠱓𠱸𠲖𠳏,../../../../../../../../../../../etc/hosts,👾 🙇 💁 🙅 🙆 🙋 🙎 🙍 ,true
963,사회과학원 어학연구소,/dev/null; touch /tmp/blns.fail ; echo,-1,true
964,ﾟ･✿ヾ╲(｡◕‿◕｡)╱✿･ﾟ,1,1'; DROP TABLE users--,true
965,Œ„´‰ˇÁ¨ˆØ∏”’,"__ﾛ(,_,*)",␣,true
966,🚾 🆒 🆓 🆕 🆖 🆗 🆙 🏧,₀₁₂,¸˛Ç◊ı˜Â¯˘¿,true
967, ,-1/2,1,false
968,₀₁₂,¡™£¢∞§¶•ªº–≠,␡,false
969,-1E02,1/2,｀ｨ(´∀｀∩,false
970,﻿,⁦test⁧,œ∑´®†¥¨ˆøπ“‘,false
971,!@#$%^&*(),-1,test⁠test‫,true
972,ﾟ･✿ヾ╲(｡◕‿◕｡)╱✿･ﾟ,᠎,nil,true
973,/dev/null; touch /tmp/blns.fail ; echo,"בְּרֵאשִׁית, בָּרָא אֱלֹהִים, אֵת הַשָּׁמַיִם, וְאֵת הָאָרֶץ",0/0,true
974,1,0.00,/dev/null; touch /tmp/blns.fail ; echo,true
975,"__ﾛ(,_,*)",̦H̬̤̗̤͝e͜ ̜̥̝̻͍̟́w̕h̖̯͓o̝͙̖͎̱̮ ҉̺̙̞̟͈W̷̼̭a̺̪͍į͈͕̭͙̯̜t̶̼̮s̘͙͖̕ ̠̫̠B̻͍͙͉̳ͅe̵h̵̬͇̫͙i̹͓̳̳̮͎̫̕n͟d̴̪̜̖ ̰͉̩͇͙̲͞ͅT͖̼͓̪͢h͏͓̮̻e̬̝̟ͅ ̤̹̝W͙̞̝͔͇͝ͅa͏͓͔̹̼̣l̴͔̰̤̟͔ḽ̫.͕,"""''''""'""",false
976,​,0.00,0.00,true
977,-1.00,NIL,‫test‫,false
978,הָיְתָהtestالصفحات التّحول,../../../../../../../../../../../etc/passwd%00,​,false
979,｀ｨ(´∀｀∩,,/dev/null; touch /tmp/blns.fail ; echo,true
980,-1E2,パーティーへ行かないか,␢,true
981,(｡◕ ∀ ◕｡),NULL,␡,false
982,␣,1'; DROP TABLE users--,✋🏿 💪🏿 👐🏿 🙌🏿 👏🏿 🙏🏿,true
983,␡,̡͓̞ͅI̗̘̦͝n͇͇͙v̮̫ok̲̫̙͈i̖͙̭̹̠̞n̡̻̮̣̺g̲͈͙̭͙̬͎ ̰t͔̦h̞̲e̢̤ ͍̬̲͖f̴̘͕̣è͖ẹ̥̩l͖͔͚i͓͚̦͠n͖͍̗͓̳̮g͍ ̨o͚̪͡f̘̣̬ ̖̘͖̟͙̮c҉͔̫͖͓͇͖ͅh̵̤̣͚͔á̗̼͕ͅo̼̣̥s̱͈̺̖̦̻͢.̛̖̞̠̫̰, test ,false
984,1E2,<svg><script>0<1>alert('XSS')</script>,⁰⁴⁵₀₁₂,true
985,œ∑´®†¥¨ˆøπ“‘,ﾟ･✿ヾ╲(｡◕‿◕｡)╱✿･ﾟ,1E+02,true
986,　,`⁄€‹›ﬁﬂ‡°·‚—±,␡,false
987,0/0,œ∑´®†¥¨ˆøπ“‘,😍,true
988,1E+02,‪‪test‪,𠜎𠜱𠝹𠱓𠱸𠲖𠳏,false
989,null,(ﾉಥ益ಥ）ﾉ﻿ ┻━┻,사회과학원 어학연구소,false
990,999999999999999999999999999999999999999999999999999999999999999999999999999999999999999999999999,/dev/null; touch /tmp/blns.fail ; echo,-$1.00,false
991, ,🐵 🙈 🙉 🙊,​,true
992,/dev/null; touch /tmp/blns.fail ; echo,1;DROP TABLE users,"""'""'""''''""",true
993,../../../../../../../../../../../etc/hosts,../../../../../../../../../../../etc/hosts,👩🏽,true
994,社會科學院語學研究所,"__ﾛ(,_,*)",'',true
995,1/0,1E2,-1/2,false
996,() { _; } >_[$($())] { touch /tmp/blns.shellshock2.fail; },˙ɐnbᴉlɐ ɐuƃɐɯ ǝɹolop ʇǝ ǝɹoqɐl ʇn ʇunpᴉpᴉɔuᴉ ɹodɯǝʇ poɯsnᴉǝ op pǝs 'ʇᴉlǝ ƃuᴉɔsᴉdᴉpɐ ɹnʇǝʇɔǝsuoɔ 'ʇǝɯɐ ʇᴉs ɹolop ɯnsdᴉ ɯǝɹo˥,̦H̬̤̗̤͝e͜ ̜̥̝̻͍̟́w̕h̖̯͓o̝͙̖͎̱̮ ҉̺̙̞̟͈W̷̼̭a̺̪͍į͈͕̭͙̯̜t̶̼̮s̘͙͖̕ ̠̫̠B̻͍͙͉̳ͅe̵h̵̬͇̫͙i̹͓̳̳̮͎̫̕n͟d̴̪̜̖ ̰͉̩͇͙̲͞ͅT͖̼͓̪͢h͏͓̮̻e̬̝̟ͅ ̤̹̝W͙̞̝͔͇͝ͅa͏͓͔̹̼̣l̴͔̰̤̟͔ḽ̫.͕,true
997,ヽ༼ຈل͜ຈ༽ﾉ ヽ༼ຈل͜ຈ༽ﾉ ,-1E2,・(￣∀￣)・:*:,true
998,../../../../../../../../../../../etc/hosts,"""",部落格,true
999,-1E2,"""'""'""''''""",!@#$%^&*(),false
1000,"'""'", ,1E+02,true
